-- phpMyAdmin SQL Dump
-- version 4.7.0
-- https://www.phpmyadmin.net/
--
-- Host: 127.0.0.1
-- Generation Time: Mar 21, 2018 at 10:15 AM
-- Server version: 10.1.26-MariaDB
-- PHP Version: 7.1.8

SET SQL_MODE = "NO_AUTO_VALUE_ON_ZERO";
SET AUTOCOMMIT = 0;
START TRANSACTION;
SET time_zone = "+00:00";


/*!40101 SET @OLD_CHARACTER_SET_CLIENT=@@CHARACTER_SET_CLIENT */;
/*!40101 SET @OLD_CHARACTER_SET_RESULTS=@@CHARACTER_SET_RESULTS */;
/*!40101 SET @OLD_COLLATION_CONNECTION=@@COLLATION_CONNECTION */;
/*!40101 SET NAMES utf8mb4 */;

--
-- Database: `blog`
--

-- --------------------------------------------------------

--
-- Table structure for table `categories`
--

CREATE TABLE `categories` (
  `id` int(10) UNSIGNED NOT NULL,
  `name` varchar(255) COLLATE utf8_unicode_ci NOT NULL,
  `created_at` timestamp NULL DEFAULT NULL,
  `updated_at` timestamp NULL DEFAULT NULL
) ENGINE=InnoDB DEFAULT CHARSET=utf8 COLLATE=utf8_unicode_ci;

--
-- Dumping data for table `categories`
--

INSERT INTO `categories` (`id`, `name`, `created_at`, `updated_at`) VALUES
(1, 'Web', '2018-02-25 10:36:05', '2018-02-25 14:02:23'),
(2, 'Technology', '2018-02-25 10:36:06', '2018-02-25 10:36:06'),
(3, 'PHP', '2018-02-25 10:36:06', '2018-02-25 10:36:06'),
(4, 'Html', '2018-02-25 10:36:06', '2018-02-25 10:36:06'),
(5, 'Css', '2018-02-25 10:36:06', '2018-02-25 10:36:06'),
(6, 'Laravel', '2018-02-25 10:36:06', '2018-02-25 10:36:06'),
(7, 'Javascript', '2018-02-25 14:00:30', '2018-02-25 14:02:41');

-- --------------------------------------------------------

--
-- Table structure for table `comments`
--

CREATE TABLE `comments` (
  `id` int(10) UNSIGNED NOT NULL,
  `name` varchar(255) COLLATE utf8_unicode_ci NOT NULL,
  `email` varchar(255) COLLATE utf8_unicode_ci NOT NULL,
  `text` text COLLATE utf8_unicode_ci NOT NULL,
  `post_id` int(10) UNSIGNED NOT NULL,
  `created_at` timestamp NULL DEFAULT NULL,
  `updated_at` timestamp NULL DEFAULT NULL
) ENGINE=InnoDB DEFAULT CHARSET=utf8 COLLATE=utf8_unicode_ci;

--
-- Dumping data for table `comments`
--

INSERT INTO `comments` (`id`, `name`, `email`, `text`, `post_id`, `created_at`, `updated_at`) VALUES
(1, 'Guido Gulgowski I', 'lonny40@bergnaum.com', 'Quisquam distinctio sunt deleniti repudiandae magni id vel non. Repudiandae inventore dignissimos ut.', 10, '2018-02-25 10:36:08', '2018-02-25 10:36:08'),
(2, 'Natalia Parisian', 'fwisozk@armstrong.com', 'Optio molestiae qui at adipisci est. Aliquam fuga quas nihil optio illo. Ut saepe ab nemo rem ad sed. Dolores nobis exercitationem dolor et.', 30, '2018-02-25 10:36:09', '2018-02-25 10:36:09'),
(3, 'Elisha Swaniawski', 'kreinger@zulauf.net', 'Est consequatur atque iure repellendus delectus veritatis. Ex maxime dolorem ea.', 30, '2018-02-25 10:36:09', '2018-02-25 10:36:09'),
(4, 'Prof. Adeline Balistreri MD', 'damore.kaci@haag.com', 'Dolorum ea consectetur alias voluptates dolor dolor aut. Qui dolor ex asperiores voluptas expedita. Ab quam qui beatae est consequatur voluptatem repellendus accusamus.', 10, '2018-02-25 10:36:09', '2018-02-25 10:36:09'),
(5, 'Prof. Osborne Mills', 'hilll.orie@carroll.org', 'Sed dolor voluptas vel pariatur quos omnis consectetur. Libero illo voluptatem corporis expedita est. Totam adipisci inventore inventore totam laborum qui. Eos et placeat qui non adipisci voluptatem exercitationem. Quia reprehenderit voluptatibus beatae commodi.', 7, '2018-02-25 10:36:09', '2018-02-25 10:36:09'),
(6, 'Dariana Littel MD', 'thomenick@mertz.biz', 'Nisi ut accusamus voluptas architecto. Facere neque et veniam deleniti. Blanditiis ipsum iste qui blanditiis.', 1, '2018-02-25 10:36:09', '2018-02-25 10:36:09'),
(7, 'Dr. Morton Anderson II', 'andreane33@cronin.com', 'Nostrum ex odit sunt nulla quo sit quia sit. Expedita qui ut voluptatem eaque odio fugit fugit.', 13, '2018-02-25 10:36:09', '2018-02-25 10:36:09'),
(8, 'Sherman Goodwin', 'alexys54@blick.com', 'Est eligendi corporis repellendus quo.', 26, '2018-02-25 10:36:09', '2018-02-25 10:36:09'),
(9, 'Dr. Orville Hintz Sr.', 'augustine93@yahoo.com', 'Consequatur tempore aperiam tempora rerum quo vitae. Porro omnis qui dicta amet. Dolorum accusantium maiores voluptatibus et excepturi sint est nemo. Ut quos et magni itaque.', 27, '2018-02-25 10:36:09', '2018-02-25 10:36:09'),
(11, 'Henry Dickinson', 'loyal.kessler@hayes.com', 'Aut et ea voluptatem culpa numquam quis eius. Modi necessitatibus eaque cum officiis perferendis enim. Reiciendis autem facilis est qui non asperiores.', 5, '2018-02-25 10:36:09', '2018-02-25 10:36:09'),
(12, 'Cordelia Lebsack', 'oral.kuhn@goyette.net', 'Quisquam enim maiores eaque velit omnis quidem. Nihil vel nesciunt eaque et voluptas necessitatibus consequatur in. Quidem omnis quisquam sed mollitia consequuntur at quo.', 3, '2018-02-25 10:36:09', '2018-02-25 10:36:09'),
(13, 'Liana Harris PhD', 'baumbach.percival@feest.biz', 'Aut tempore non id qui. Sint itaque aspernatur alias eum.', 26, '2018-02-25 10:36:09', '2018-02-25 10:36:09'),
(14, 'Gabriella Erdman V', 'kasandra67@yahoo.com', 'Libero ullam earum sequi molestiae. Ab omnis qui rerum est et eveniet.', 5, '2018-02-25 10:36:09', '2018-02-25 10:36:09'),
(15, 'Anna Emard', 'lleuschke@durgan.com', 'Quo rerum quod debitis quia aliquam ut sit. Harum architecto fuga sed aut. Ea eveniet aut praesentium laborum quidem porro corrupti.', 2, '2018-02-25 10:36:09', '2018-02-25 10:36:09'),
(16, 'Tillman Maggio', 'arnoldo.jenkins@considine.info', 'Eum et accusantium cum hic et.', 22, '2018-02-25 10:36:09', '2018-02-25 10:36:09'),
(17, 'Mr. Kobe Fisher', 'rene43@torphy.com', 'Velit sint quam soluta molestias nulla facilis vero.', 10, '2018-02-25 10:36:09', '2018-02-25 10:36:09'),
(18, 'Verna Cole', 'rprice@yahoo.com', 'Libero magnam perferendis libero dolor in qui. Dolorum quidem dolor voluptates excepturi optio sit. Deserunt praesentium sunt et perferendis eius a rerum. Sed molestias dolor nobis facilis corporis. Est nam autem hic quidem. Dolores provident consequatur hic ullam facilis quaerat placeat.', 11, '2018-02-25 10:36:09', '2018-02-25 10:36:09'),
(19, 'Bennett Ward', 'qzemlak@kutch.info', 'Corrupti expedita in aut maiores qui dolores ut. Et minima nihil rerum quisquam. Magnam aut qui eius cupiditate illo dolor dolor. Quos occaecati maiores eaque molestias quo laborum suscipit. Quo itaque non adipisci facilis amet. Dignissimos facere sit voluptatem et molestias dicta enim consequatur.', 18, '2018-02-25 10:36:09', '2018-02-25 10:36:09'),
(20, 'Mr. Dusty Kuhlman IV', 'ralph.mccullough@hotmail.com', 'Rerum natus aut possimus animi. Neque rerum magni architecto et illo quibusdam quia. Eligendi sed eaque asperiores amet dignissimos. Sunt qui numquam sit similique.', 30, '2018-02-25 10:36:09', '2018-02-25 10:36:09'),
(21, 'Laurianne Kerluke', 'serenity48@gmail.com', 'Cupiditate ut quia odit explicabo. Suscipit quo molestiae qui illo nulla.', 26, '2018-02-25 10:36:09', '2018-02-25 10:36:09'),
(22, 'Mac Kozey', 'joshuah09@hotmail.com', 'Rem sed delectus aut non eos possimus aut. Nisi molestias eos saepe voluptas harum provident minima.', 11, '2018-02-25 10:36:09', '2018-02-25 10:36:09'),
(23, 'Sofia Hettinger', 'bartoletti.javon@gmail.com', 'Iste rerum beatae molestias dolores voluptatem consequatur aliquam. Aut porro eaque a consequatur ut.', 9, '2018-02-25 10:36:10', '2018-02-25 10:36:10'),
(25, 'Michel Reinger', 'rippin.jerry@ondricka.com', 'Quasi sequi eligendi dolorum doloribus illo. Accusantium earum labore animi consequuntur rerum non.', 28, '2018-02-25 10:36:10', '2018-02-25 10:36:10'),
(26, 'Prof. Jamel Zemlak', 'anissa.vandervort@gmail.com', 'Voluptatem quo id sint quidem. Quis similique voluptas error aperiam.', 28, '2018-02-25 10:36:10', '2018-02-25 10:36:10'),
(27, 'Norma Auer Sr.', 'eloy.watsica@ohara.com', 'Illum temporibus quibusdam consequatur dignissimos quia aut aspernatur.', 11, '2018-02-25 10:36:10', '2018-02-25 10:36:10'),
(28, 'Mariano Tillman', 'lewis.quigley@hotmail.com', 'Necessitatibus illo rerum aut dicta eveniet aperiam. Mollitia fugiat non repellendus possimus. Ipsa dignissimos et vel. Deserunt ut sit quibusdam saepe. Voluptas atque ducimus qui et veritatis doloribus.', 17, '2018-02-25 10:36:10', '2018-02-25 10:36:10'),
(29, 'Federico Kreiger', 'jesus59@howell.com', 'In omnis omnis veritatis doloribus deleniti. Quaerat veniam suscipit dolores quia iure velit rem. Voluptas dolorem perferendis enim occaecati impedit fugiat.', 20, '2018-02-25 10:36:10', '2018-02-25 10:36:10'),
(30, 'Mr. Dean Veum', 'emiliano05@gmail.com', 'Numquam nam ad blanditiis maiores. Eum totam provident voluptatibus error ex. Hic soluta similique praesentium et dolores est. Eligendi suscipit dolor rerum deserunt.', 14, '2018-02-25 10:36:10', '2018-02-25 10:36:10'),
(31, 'Prof. Susana Bode MD', 'quinten54@kohler.info', 'Aut similique ea in cupiditate voluptatum. Quaerat quibusdam doloribus voluptatem deserunt.', 24, '2018-02-25 10:36:10', '2018-02-25 10:36:10'),
(32, 'Nathanael Russel', 'wjohnston@gmail.com', 'Pariatur similique perferendis illo harum sed ea sunt debitis. Natus voluptatem dicta consequatur repellendus. Totam assumenda ut explicabo aut natus.', 1, '2018-02-25 10:36:10', '2018-02-25 10:36:10'),
(33, 'Alize Kub', 'callie.grant@hotmail.com', 'Corporis nam repellat sit in eaque ut. Autem minus in ex quo eveniet labore. Non officia omnis eligendi veritatis.', 29, '2018-02-25 10:36:10', '2018-02-25 10:36:10'),
(34, 'Prof. Dalton Rogahn DVM', 'stoltenberg.ignacio@gmail.com', 'Sint libero cupiditate sint soluta ut. Facilis enim dolor saepe ducimus. Ut numquam error vitae odio. Molestias tenetur possimus voluptatem consectetur.', 10, '2018-02-25 10:36:10', '2018-02-25 10:36:10'),
(35, 'Aidan Monahan V', 'dkub@gmail.com', 'Perspiciatis saepe dolores illo illo. Distinctio et illo eligendi magnam qui aliquam. Delectus enim eligendi magnam deleniti.', 18, '2018-02-25 10:36:11', '2018-02-25 10:36:11'),
(36, 'Miss Kathleen Walsh Sr.', 'omarvin@gmail.com', 'Iure sit et et adipisci saepe. Culpa dicta eum dolorum perferendis nobis ut voluptas.', 4, '2018-02-25 10:36:11', '2018-02-25 10:36:11'),
(37, 'Ms. Ally Dickens Sr.', 'laurie.raynor@gerlach.com', 'Dolorum nobis consequatur quo accusamus. Occaecati commodi ullam aut ullam aut occaecati.', 12, '2018-02-25 10:36:11', '2018-02-25 10:36:11'),
(38, 'Mr. Trenton Kirlin', 'davion72@mitchell.com', 'Sint voluptatem fugit quas ex.', 19, '2018-02-25 10:36:11', '2018-02-25 10:36:11'),
(39, 'Carlie Rosenbaum', 'hblock@gmail.com', 'Est eveniet aut et est. In exercitationem fugit non sunt facere recusandae. Qui eos et eos at ut aut quo.', 30, '2018-02-25 10:36:12', '2018-02-25 10:36:12'),
(41, 'Jean Blanda', 'frances.wintheiser@hotmail.com', 'Ab et qui qui ea distinctio quibusdam. Numquam tempora ipsam et quo culpa.', 12, '2018-02-25 10:36:12', '2018-02-25 10:36:12'),
(42, 'Miss Estel Vandervort', 'kerluke.duncan@hotmail.com', 'Inventore ipsa quia vel cupiditate placeat. Nostrum hic voluptatem culpa.', 19, '2018-02-25 10:36:12', '2018-02-25 10:36:12'),
(43, 'Darwin Kozey', 'tillman.garland@gmail.com', 'Sapiente nam perferendis aut et rem. Harum culpa expedita soluta optio voluptatum. Placeat excepturi sunt quis ipsa dolorum placeat at. Illum officiis est rerum quae dolores iste. Consequatur sunt tempora sit voluptatem. Iusto consequatur tempore nisi autem.', 12, '2018-02-25 10:36:12', '2018-02-25 10:36:12'),
(44, 'Lilian Dicki', 'ocarter@gmail.com', 'Rem culpa in aperiam minima illo quia quibusdam.', 23, '2018-02-25 10:36:12', '2018-02-25 10:36:12'),
(45, 'Joany Boehm', 'jones.estelle@gmail.com', 'Illum similique nihil numquam voluptatem. Ea non non id facere eius.', 22, '2018-02-25 10:36:12', '2018-02-25 10:36:12'),
(47, 'Caleigh Hettinger', 'uhane@marquardt.biz', 'Animi incidunt culpa optio aut consectetur. Id dolore amet sed optio ipsam perferendis fugiat.', 24, '2018-02-25 10:36:12', '2018-02-25 10:36:12'),
(49, 'Mathias Fisher', 'mccullough.mac@hotmail.com', 'Sed assumenda autem eum facilis. Non sequi necessitatibus vitae et velit rerum dolorem. Occaecati id voluptates qui saepe earum voluptate ut.', 26, '2018-02-25 10:36:12', '2018-02-25 10:36:12'),
(50, 'Christophe Cummings', 'hamill.brenna@sipes.info', 'Blanditiis ut et deserunt excepturi natus iure fuga quia. Qui debitis totam ut repellat ab. Cupiditate asperiores sed atque inventore ab omnis.', 9, '2018-02-25 10:36:12', '2018-02-25 10:36:12'),
(51, 'Justyn Nolan', 'schiller.makayla@gmail.com', 'Veritatis quis autem quo. Sint explicabo vel totam alias quos culpa nihil deleniti. Unde perferendis voluptatum voluptatem dolore nihil quo ea. Pariatur doloremque rerum deleniti corrupti. Tempore nulla quisquam perferendis. Quod est officia sed in natus possimus.', 27, '2018-02-25 10:36:13', '2018-02-25 10:36:13'),
(52, 'Doyle Mayert', 'antonina87@koepp.com', 'Similique quas hic voluptas consequuntur hic corporis. Explicabo unde molestiae incidunt qui quasi totam est quis.', 15, '2018-02-25 10:36:13', '2018-02-25 10:36:13'),
(53, 'Frieda Greenfelder', 'griffin53@hotmail.com', 'Consequatur deserunt perspiciatis et earum hic asperiores. Voluptate repudiandae repellendus officiis magnam consequatur eum alias. Modi iste labore quisquam molestias voluptatem consectetur delectus.', 25, '2018-02-25 10:36:13', '2018-02-25 10:36:13'),
(54, 'Jed Schaefer', 'gmohr@hotmail.com', 'Adipisci unde nesciunt iusto repudiandae minima nihil harum. Impedit possimus aut deleniti quia ea. Natus non alias et amet eius voluptatem debitis.', 17, '2018-02-25 10:36:13', '2018-02-25 10:36:13'),
(55, 'Fausto Klocko', 'senger.mathilde@windler.com', 'Vel dolore delectus illo est harum quo rerum.', 4, '2018-02-25 10:36:13', '2018-02-25 10:36:13'),
(56, 'Germaine Kunze', 'cole.tatyana@casper.org', 'Totam qui ut sit reiciendis voluptatum sed consectetur. Explicabo quo soluta vel et omnis natus quaerat.', 11, '2018-02-25 10:36:13', '2018-02-25 10:36:13'),
(57, 'Paxton Herzog', 'dayton55@stark.com', 'Odio commodi voluptatem blanditiis dignissimos itaque. Qui dolorum est aperiam cupiditate sit. Sed sit iusto voluptatibus veritatis debitis non. Ut illum amet voluptates saepe officia.', 12, '2018-02-25 10:36:13', '2018-02-25 10:36:13'),
(58, 'Justus Bednar', 'jed53@gmail.com', 'Eum sint eum aut eum. Commodi nobis ipsum qui ut ratione. Quos dolore nulla soluta omnis quasi impedit qui. Earum aliquid delectus officiis consequuntur maxime eius praesentium. Voluptate ex aut unde.', 9, '2018-02-25 10:36:13', '2018-02-25 10:36:13'),
(59, 'Jaylon McLaughlin', 'vallie68@kirlin.com', 'Sit unde eos optio quam. Sed perferendis hic enim porro.', 12, '2018-02-25 10:36:13', '2018-02-25 10:36:13'),
(60, 'Rusty Robel', 'denesik.muriel@boehm.com', 'Id quos et eveniet dolore dolor voluptas. Voluptatibus perspiciatis aut omnis aut rem consequatur.', 23, '2018-02-25 10:36:13', '2018-02-25 10:36:13'),
(61, 'Serena Kemmer', 'schultz.malvina@yahoo.com', 'Eos aut fugit iusto ratione aut et voluptas dolores. Quo amet accusamus harum aperiam mollitia voluptates.', 3, '2018-02-25 10:36:13', '2018-02-25 10:36:13'),
(62, 'Elijah Rolfson', 'jana.pagac@willms.com', 'Dolores aspernatur perspiciatis iusto aliquam unde incidunt. Ut ut velit ut architecto. Sunt quis assumenda sequi animi sint voluptatibus vel.', 18, '2018-02-25 10:36:13', '2018-02-25 10:36:13'),
(63, 'Kiel Bartoletti', 'giles81@collier.com', 'Maiores rem ut et ducimus animi dolorem. Iste ex quas modi in dolores. Ipsam quae et et sequi vero saepe. Quia eligendi voluptatibus expedita quo aut.', 23, '2018-02-25 10:36:13', '2018-02-25 10:36:13'),
(64, 'Ms. Earlene Carroll III', 'keenan01@bailey.com', 'Fugit enim placeat officia exercitationem cumque ratione. Totam molestiae praesentium dolorum totam facere.', 7, '2018-02-25 10:36:13', '2018-02-25 10:36:13'),
(65, 'Jan Morissette', 'heathcote.oma@yahoo.com', 'Eveniet ut ullam blanditiis molestias molestiae ex. Iure non deserunt magni et et excepturi. Nobis magnam consequatur sed nobis quod.', 10, '2018-02-25 10:36:13', '2018-02-25 10:36:13'),
(66, 'Darby Streich', 'nabbott@predovic.net', 'Enim enim doloremque dolorum odit quisquam eos. Facilis quas eos ut commodi minus consectetur ea.', 7, '2018-02-25 10:36:13', '2018-02-25 10:36:13'),
(67, 'Nicholas Crona', 'amills@hotmail.com', 'Eos harum expedita ut recusandae debitis eos fugit consequuntur. Est voluptas dolorum ut maiores sed. Labore ut itaque aperiam ullam et vitae et nulla. Est ex et sapiente molestiae distinctio dolores velit. Praesentium sequi doloremque ullam earum velit et quos.', 9, '2018-02-25 10:36:13', '2018-02-25 10:36:13'),
(68, 'Reginald Stamm', 'myron.prohaska@gmail.com', 'Deleniti dignissimos id cupiditate. Assumenda aut hic id dolorem similique omnis. Repellendus eum sit et laudantium qui iure explicabo.', 13, '2018-02-25 10:36:13', '2018-02-25 10:36:13'),
(69, 'Natalie Runte', 'thaddeus09@gmail.com', 'Repellendus quia saepe at consectetur atque perferendis rem. Odio hic consequatur repudiandae eum voluptas eos et. Expedita delectus quia minima expedita modi vero illum.', 24, '2018-02-25 10:36:13', '2018-02-25 10:36:13'),
(70, 'Christophe Aufderhar', 'legros.oliver@ledner.com', 'Quam voluptas ut aliquam sunt. Tenetur ut tempore ducimus non necessitatibus recusandae provident. Aut est consequatur minima.', 5, '2018-02-25 10:36:13', '2018-02-25 10:36:13'),
(71, 'Alaina Stroman', 'krista39@hotmail.com', 'Rem quos quo voluptatum earum quae. Porro minus aut quae.', 10, '2018-02-25 10:36:13', '2018-02-25 10:36:13'),
(72, 'Lisette Feeney', 'crist.lilian@johnson.com', 'Laboriosam magni saepe dolores magnam est. Voluptatem ex quis ullam et culpa ipsam quis alias. Minus quibusdam hic magnam doloremque excepturi. Nihil dolor earum necessitatibus ullam illum quam perferendis.', 21, '2018-02-25 10:36:14', '2018-02-25 10:36:14'),
(73, 'Dr. Sylvia Heathcote IV', 'yundt.alvina@gmail.com', 'Iste facilis maiores quasi. Voluptas aperiam voluptate doloribus enim consequatur exercitationem.', 7, '2018-02-25 10:36:14', '2018-02-25 10:36:14'),
(74, 'Prof. Kelton Bergnaum', 'reymundo29@gmail.com', 'Vel praesentium reiciendis qui sint facilis aspernatur. Reiciendis hic quia non deserunt aut dignissimos architecto. Qui distinctio fugiat ut perspiciatis.', 10, '2018-02-25 10:36:14', '2018-02-25 10:36:14'),
(75, 'Miss Paige Bahringer', 'tavares.stokes@hane.com', 'Natus voluptas esse non hic. Natus vitae qui vero minus. Ducimus amet non reprehenderit sint et maxime quo. Ex optio modi soluta cumque. Distinctio quibusdam doloribus aperiam voluptas officia officia.', 27, '2018-02-25 10:36:14', '2018-02-25 10:36:14'),
(76, 'Emilio Yundt', 'jessyca.yundt@hotmail.com', 'Odit harum soluta omnis reprehenderit iste. Veniam necessitatibus accusantium neque omnis optio in. Quibusdam enim recusandae similique soluta maiores.', 4, '2018-02-25 10:36:14', '2018-02-25 10:36:14'),
(77, 'Mr. Loy Breitenberg', 'keven.morissette@yahoo.com', 'Aut magnam totam voluptas dolor commodi. Praesentium possimus magnam quia harum illum accusantium. Consequuntur consequatur molestiae voluptatem consectetur a.', 1, '2018-02-25 10:36:14', '2018-02-25 10:36:14'),
(78, 'Juliana Dickinson', 'satterfield.cruz@blick.net', 'Labore et architecto facilis.', 2, '2018-02-25 10:36:14', '2018-02-25 10:36:14'),
(79, 'Lilliana Dooley', 'xcorkery@kshlerin.com', 'Consequatur non deleniti sit quod est animi. In dolores sunt ducimus quia amet non et atque.', 13, '2018-02-25 10:36:14', '2018-02-25 10:36:14'),
(80, 'Princess Cole', 'dubuque.marlon@hotmail.com', 'Perferendis ut fuga ut accusamus explicabo architecto aut magnam. Fugiat quo aut ut omnis.', 29, '2018-02-25 10:36:14', '2018-02-25 10:36:14'),
(81, 'Christy Von', 'henderson.larson@gmail.com', 'Non voluptate architecto error molestiae necessitatibus consectetur.', 10, '2018-02-25 10:36:14', '2018-02-25 10:36:14'),
(82, 'Miss Aglae Satterfield', 'liliane.grady@witting.com', 'Atque iusto commodi perspiciatis optio quisquam ut aut.', 9, '2018-02-25 10:36:14', '2018-02-25 10:36:14'),
(83, 'Harrison Dach', 'ppadberg@feil.com', 'Rerum sit aliquam eius excepturi laborum ipsa deleniti. Sed et eius molestiae aut laboriosam voluptatem officiis aliquid.', 19, '2018-02-25 10:36:14', '2018-02-25 10:36:14'),
(84, 'Mr. Ralph Kovacek DVM', 'willa01@bednar.net', 'Recusandae qui nisi voluptates consectetur aut accusantium. Ab rerum distinctio enim natus labore ab. Ex harum nobis quasi a.', 29, '2018-02-25 10:36:14', '2018-02-25 10:36:14'),
(85, 'Prof. Earl Smitham I', 'pgutmann@yahoo.com', 'Quam fugiat asperiores necessitatibus minima tempore pariatur. Sed consequatur non consequatur consequuntur aliquam.', 29, '2018-02-25 10:36:14', '2018-02-25 10:36:14'),
(86, 'Markus Boehm V', 'eli80@roob.com', 'Ut delectus molestias eum eum ab deserunt ipsam. Ut quos voluptatem modi numquam. Praesentium natus molestiae doloribus itaque dolorem corporis.', 14, '2018-02-25 10:36:14', '2018-02-25 10:36:14'),
(87, 'Lilliana Mueller IV', 'trycia.jacobs@hotmail.com', 'Dolor rerum vitae nesciunt autem. Facilis delectus sed debitis explicabo asperiores qui quis. Et exercitationem quas nesciunt eveniet earum deserunt maxime tempore.', 25, '2018-02-25 10:36:14', '2018-02-25 10:36:14'),
(88, 'Tremaine Kunde PhD', 'zcremin@hotmail.com', 'Quisquam quod sint enim rem in. Facilis rem voluptates aliquam reiciendis est quos natus veniam. Autem nemo vero vero.', 1, '2018-02-25 10:36:15', '2018-02-25 10:36:15'),
(89, 'Yoshiko Witting III', 'schaden.charity@yahoo.com', 'Necessitatibus asperiores ut non similique qui voluptas. Doloribus excepturi eos minima perferendis omnis sunt. Veniam alias eos autem dolorum voluptatem fugit. Autem molestiae nisi nisi labore error.', 9, '2018-02-25 10:36:15', '2018-02-25 10:36:15'),
(90, 'Mark Mitchell', 'dwalter@gmail.com', 'Est reiciendis reprehenderit non quidem.', 14, '2018-02-25 10:36:15', '2018-02-25 10:36:15'),
(91, 'Lydia Casper Jr.', 'lhayes@gmail.com', 'Et voluptates quibusdam blanditiis eligendi enim.', 9, '2018-02-25 10:36:15', '2018-02-25 10:36:15'),
(92, 'Adolfo Bode', 'kariane71@gmail.com', 'Dolores omnis eum pariatur ea vel id quae. Soluta eveniet voluptatum nam ut itaque. Vero quo rerum aut sunt.', 29, '2018-02-25 10:36:15', '2018-02-25 10:36:15'),
(93, 'Denis Kuhn IV', 'xcronin@gmail.com', 'Eius esse illum sint velit minima vel voluptas quam. Fuga provident rem est veritatis asperiores. Ea magni et aperiam aut aspernatur quis reiciendis.', 9, '2018-02-25 10:36:15', '2018-02-25 10:36:15'),
(94, 'Dr. Jorge Leuschke', 'gorczany.christy@hotmail.com', 'Consequatur adipisci quo rerum. Animi ut consequuntur eos ut. Magnam sed nemo velit quia.', 26, '2018-02-25 10:36:15', '2018-02-25 10:36:15'),
(95, 'Daron Hegmann', 'tevin33@gmail.com', 'Iusto eveniet quidem ratione dolorem quia. Quis maiores et id blanditiis ducimus autem et. Hic hic voluptas minima sunt qui dignissimos sint quaerat.', 29, '2018-02-25 10:36:15', '2018-02-25 10:36:15'),
(96, 'Estella Reilly III', 'kallie12@gmail.com', 'Et totam reiciendis molestiae eligendi similique ea harum. Nisi labore iste consequatur sit commodi odio doloremque.', 7, '2018-02-25 10:36:15', '2018-02-25 10:36:15'),
(97, 'Ephraim Quigley', 'akihn@hotmail.com', 'Ab quo ratione expedita. Aliquid sunt dolores reiciendis nobis necessitatibus. Numquam aut non consectetur et sit.', 18, '2018-02-25 10:36:15', '2018-02-25 10:36:15'),
(98, 'Ulises Feeney DVM', 'otis18@dietrich.com', 'Id est eos magni itaque rerum temporibus. Praesentium cupiditate laborum blanditiis beatae vero sequi at. Ut dolorem voluptas odio quia.', 30, '2018-02-25 10:36:15', '2018-02-25 10:36:15'),
(100, 'Prof. Bryce Kovacek IV', 'tjones@runolfsson.com', 'Autem explicabo accusamus ab animi. Officiis sit libero et sit tempore consectetur. Earum corrupti suscipit placeat aut. Error veritatis tenetur velit enim maxime sit.', 13, '2018-02-25 10:36:15', '2018-02-25 10:36:15'),
(101, 'Cydney Yost', 'giovanna.schiller@osinski.org', 'Eos est et voluptatum reiciendis fugiat et. Modi fugit nihil officiis iste praesentium possimus aut. Vel consectetur nulla dolores officiis voluptate quis ex. Assumenda laborum esse illo. Natus eum voluptates nostrum eos aut molestiae. Velit id qui ullam ex nostrum.', 11, '2018-02-25 10:36:16', '2018-02-25 10:36:16'),
(102, 'Ahmad Aufderhar', 'alex.thiel@hotmail.com', 'Quae corporis quibusdam totam eaque voluptatem. Dolorem cum necessitatibus porro consequuntur tempore quae. Qui sit tempora fugiat quas repudiandae et. Voluptatem nostrum ut est consectetur quibusdam. Eligendi sint voluptatibus maiores sed omnis vero nisi.', 30, '2018-02-25 10:36:16', '2018-02-25 10:36:16'),
(103, 'Ava Beahan', 'torphy.kiarra@yahoo.com', 'Facilis molestiae deleniti officia. Id corporis id asperiores consequatur ex molestias quibusdam.', 25, '2018-02-25 10:36:16', '2018-02-25 10:36:16'),
(104, 'Mr. Deonte Satterfield', 'kariane.hintz@osinski.com', 'Est odio tempore aliquid saepe qui pariatur. Rerum sunt corrupti autem in aut est. Impedit sint quo asperiores aut molestiae ipsa repellat.', 14, '2018-02-25 10:36:16', '2018-02-25 10:36:16'),
(105, 'Orie Bins MD', 'ljerde@yahoo.com', 'Tenetur laboriosam ut unde et quia laboriosam.', 26, '2018-02-25 10:36:16', '2018-02-25 10:36:16'),
(106, 'Vladimir Johns', 'kreiger.judah@yahoo.com', 'Dignissimos dolor repellat consequatur fuga eligendi aut nemo dolorum.', 17, '2018-02-25 10:36:16', '2018-02-25 10:36:16'),
(107, 'Prof. Henriette Kuphal Jr.', 'cpagac@cole.com', 'Ad omnis nulla cumque inventore libero odio. Placeat est ipsum ut id voluptas ea.', 12, '2018-02-25 10:36:16', '2018-02-25 10:36:16'),
(108, 'Miguel Hilpert', 'nmayert@yost.biz', 'Natus ad culpa neque ut. Magnam id illo est ut quae reprehenderit.', 20, '2018-02-25 10:36:16', '2018-02-25 10:36:16'),
(109, 'Dr. Xzavier Bruen', 'wendy.parker@christiansen.org', 'Voluptatem sapiente consequatur et ut a. Enim sit est ipsa qui.', 13, '2018-02-25 10:36:16', '2018-02-25 10:36:16'),
(110, 'Mr. Brad Morar', 'lindsay53@ullrich.net', 'Voluptas assumenda quos quaerat autem ut voluptas et molestiae. Consequatur quia id nesciunt consequatur sed aut quia.', 14, '2018-02-25 10:36:16', '2018-02-25 10:36:16'),
(111, 'Dock Nader IV', 'jwiegand@jerde.com', 'Quia adipisci beatae molestiae accusamus consequatur officiis. Dolores eveniet fugiat facere distinctio adipisci sint consequatur et. Inventore distinctio nobis quo fugiat id perferendis.', 19, '2018-02-25 10:36:16', '2018-02-25 10:36:16'),
(112, 'Dr. Maynard Grady', 'lfranecki@mitchell.net', 'Officia omnis recusandae id. Iste nostrum debitis at unde maxime voluptatem numquam. Architecto voluptates sit eum illum vel cupiditate aspernatur commodi. Sint illum repudiandae voluptas repellat.', 16, '2018-02-25 10:36:16', '2018-02-25 10:36:16'),
(113, 'Lucie Herzog', 'jermaine.stoltenberg@wilkinson.org', 'Aut ipsa laboriosam aspernatur eius. Consectetur aut omnis dolores est voluptate voluptatem voluptas. Ipsa odit nesciunt corrupti autem ratione.', 22, '2018-02-25 10:36:16', '2018-02-25 10:36:16'),
(114, 'Hulda Ziemann', 'jasmin.ankunding@hand.com', 'Adipisci dolorem inventore dolor eum molestias. Dolores iusto distinctio aut quasi cum sint in.', 18, '2018-02-25 10:36:16', '2018-02-25 10:36:16'),
(115, 'Maia Langworth', 'quigley.bria@yahoo.com', 'Ducimus dignissimos et doloremque in. Aut qui rerum vel. Sunt accusantium nemo quo beatae dolorum id velit.', 16, '2018-02-25 10:36:16', '2018-02-25 10:36:16'),
(116, 'Judah Kling', 'glover.barry@christiansen.com', 'Sit laboriosam et rerum.', 17, '2018-02-25 10:36:16', '2018-02-25 10:36:16'),
(117, 'Mrs. Janelle Littel', 'hipolito28@bernhard.org', 'Architecto aliquam voluptatem labore quaerat eos omnis assumenda quos. Aperiam culpa omnis quasi nulla tempora a dolor. Consequatur sapiente inventore laudantium voluptas reprehenderit quae.', 18, '2018-02-25 10:36:16', '2018-02-25 10:36:16'),
(118, 'Madonna Russel', 'harmony.mclaughlin@hotmail.com', 'Vel perspiciatis error delectus veritatis. Magnam delectus eos voluptatem recusandae aspernatur eveniet. Dolorem nam officia harum rerum quia dolorum velit laudantium. Molestias quam possimus suscipit aut tenetur. Nihil ratione eligendi ea ullam.', 2, '2018-02-25 10:36:16', '2018-02-25 10:36:16'),
(119, 'Candida Torp', 'vgoodwin@emmerich.com', 'Nostrum voluptas eum libero veniam quasi. Eveniet quam accusantium suscipit laborum. Voluptas earum fuga facilis quae enim. Qui et id quae sit quisquam. Est impedit et doloremque esse non rerum. Est molestiae laudantium ea consequuntur dolor.', 1, '2018-02-25 10:36:16', '2018-02-25 10:36:16'),
(120, 'Mr. Howell Kiehn', 'krystal.corwin@stokes.org', 'Quia sequi accusantium iusto molestiae. Sint eum quia iste quibusdam repellat nam qui. Repellendus aut officiis eligendi nulla harum rem.', 18, '2018-02-25 10:36:16', '2018-02-25 10:36:16'),
(121, 'Dagmar Orn', 'dianna24@yahoo.com', 'Cum veritatis ut sit consectetur quia. Voluptas repellendus magnam quia est. Amet amet illo aut a id nihil quod. Ratione voluptatibus amet aut a dolorum illo ut dolorem. Est dolor quis aut eius et molestiae.', 1, '2018-02-25 10:36:16', '2018-02-25 10:36:16'),
(122, 'Moshe Lemke', 'dejon97@yahoo.com', 'Iusto deserunt dolor est quae. Quod quo consequatur voluptatem placeat. Voluptas velit laudantium repudiandae velit quisquam quam sit.', 9, '2018-02-25 10:36:17', '2018-02-25 10:36:17'),
(123, 'Jerry Buckridge Sr.', 'von.cayla@yahoo.com', 'Ex cupiditate quia autem voluptas.', 21, '2018-02-25 10:36:17', '2018-02-25 10:36:17'),
(124, 'Dr. Ilene Wyman III', 'mabelle74@willms.com', 'Eos debitis ut quo debitis. Et nemo et qui.', 2, '2018-02-25 10:36:17', '2018-02-25 10:36:17'),
(125, 'Alyce Marks', 'howe.logan@gmail.com', 'Consequatur modi impedit tempore. Reiciendis autem ex accusantium ut iusto autem. Nihil tenetur praesentium qui asperiores aut id illo.', 23, '2018-02-25 10:36:17', '2018-02-25 10:36:17'),
(126, 'Laurel Mante MD', 'schmidt.jimmy@ebert.net', 'Debitis rerum sit necessitatibus adipisci est et. Cupiditate ipsa ea eos suscipit optio quos debitis. Eius dolorem iure sed provident nihil rem. Occaecati incidunt aut et est assumenda. Eum eos nulla fugiat sapiente laboriosam. Nihil in sint laboriosam quae temporibus et.', 14, '2018-02-25 10:36:17', '2018-02-25 10:36:17'),
(127, 'Karson Hilll', 'urban14@gmail.com', 'Consequatur cupiditate debitis ratione libero.', 12, '2018-02-25 10:36:17', '2018-02-25 10:36:17'),
(128, 'Esther Ferry', 'kuphal.ibrahim@schmitt.org', 'Et qui quia alias esse aperiam enim nemo. Praesentium ut dolores distinctio corporis aut dolores recusandae qui. Dolorum quas laudantium consectetur officia. Deleniti et sint veniam et hic tempora. Consequatur nostrum harum natus aut.', 21, '2018-02-25 10:36:17', '2018-02-25 10:36:17'),
(129, 'Meda Reilly', 'christ.klein@gmail.com', 'Necessitatibus eveniet ea rem omnis. Accusantium magnam vitae dolores aperiam eveniet enim. Minima voluptas sit corporis natus placeat quia. Repellendus sunt quidem omnis labore ipsa sit. Illo et cumque ex delectus soluta consequatur nulla.', 28, '2018-02-25 10:36:17', '2018-02-25 10:36:17'),
(130, 'Mrs. Yessenia Kiehn', 'shemar.nikolaus@gmail.com', 'Voluptatum fuga facilis quas architecto. Nulla saepe sunt ipsum quisquam. Maiores dolorem eos et recusandae excepturi et perspiciatis porro.', 23, '2018-02-25 10:36:17', '2018-02-25 10:36:17'),
(131, 'Arianna Stanton MD', 'schumm.josephine@yahoo.com', 'Provident consequatur deleniti mollitia doloremque. Corporis repudiandae esse iure maxime. Dolores accusantium eos autem necessitatibus eum voluptatem et.', 26, '2018-02-25 10:36:17', '2018-02-25 10:36:17'),
(132, 'Cassandre Spinka', 'lorine31@hotmail.com', 'Perferendis placeat qui sint ut aut et laudantium. Ipsum nostrum ratione repellendus et quam non quod. Alias ut enim ab nobis rem earum debitis.', 18, '2018-02-25 10:36:17', '2018-02-25 10:36:17'),
(133, 'Kyla Auer III', 'helmer.hauck@gmail.com', 'Autem nemo debitis inventore tenetur animi consequatur in. Inventore dolores vero magnam ducimus voluptas consequatur vero. Nulla excepturi id id nesciunt suscipit molestias temporibus. Ea non rerum suscipit aut voluptatem et placeat. Distinctio libero voluptas quis omnis voluptas. Enim facere ipsam distinctio quae.', 18, '2018-02-25 10:36:18', '2018-02-25 10:36:18'),
(134, 'Rowland Terry Jr.', 'nitzsche.amely@yahoo.com', 'Enim voluptatem excepturi rem aut. Autem iusto earum et sed tempora.', 8, '2018-02-25 10:36:18', '2018-02-25 10:36:18'),
(135, 'Prof. Arturo Harvey MD', 'betsy.bernhard@gmail.com', 'Inventore adipisci consequatur voluptas eius. Nam eos omnis asperiores et consequatur temporibus.', 16, '2018-02-25 10:36:18', '2018-02-25 10:36:18'),
(136, 'Raven Weber', 'lera43@gmail.com', 'Necessitatibus vel cum assumenda voluptas dolorem. Odit voluptatem temporibus iste consequatur.', 4, '2018-02-25 10:36:18', '2018-02-25 10:36:18'),
(137, 'Prof. Helga Christiansen', 'bonita.gaylord@gmail.com', 'Est deleniti iste tempora eaque molestiae. Ad culpa fuga est quas quod dolorem ad. Id qui reprehenderit nobis dolorum. Qui delectus provident est dolor quia. Quis atque adipisci commodi dolorum neque pariatur.', 16, '2018-02-25 10:36:18', '2018-02-25 10:36:18'),
(138, 'Rosalee Simonis', 'daphney16@yahoo.com', 'Quo ut sit ipsum pariatur doloribus repellendus maxime ex. Ea magnam dolores illo perferendis aut. Adipisci tempora amet ipsa doloremque laboriosam. Sint sint eligendi delectus assumenda quasi ex sint.', 12, '2018-02-25 10:36:18', '2018-02-25 10:36:18'),
(139, 'Mr. Kristoffer Quigley', 'mollie.emmerich@yahoo.com', 'Assumenda dolorem qui dolorum occaecati. Quis est velit voluptatem dolores qui deleniti pariatur. Voluptatum voluptatem quae fuga ex nisi nemo.', 30, '2018-02-25 10:36:18', '2018-02-25 10:36:18'),
(140, 'Tad Jast Sr.', 'kole30@bernier.biz', 'Et excepturi quam dolorum ratione dicta. Voluptatibus iusto ullam molestiae ullam earum. Ut qui expedita vel voluptatem sed.', 4, '2018-02-25 10:36:19', '2018-02-25 10:36:19'),
(141, 'Prof. Theodora Beier', 'carrie28@huel.com', 'Optio molestiae culpa non. Dicta quae consequuntur delectus.', 3, '2018-02-25 10:36:19', '2018-02-25 10:36:19'),
(142, 'Anita Sauer', 'arnaldo.schneider@wyman.com', 'Quia nisi quod fugit deleniti tenetur et. Ut id veritatis temporibus et corrupti dolorem numquam. Autem quaerat distinctio nobis sed.', 28, '2018-02-25 10:36:19', '2018-02-25 10:36:19'),
(143, 'Dr. Kaley Stehr', 'xwolf@effertz.org', 'Sed esse provident reiciendis cupiditate ea quo consequuntur. Voluptatibus omnis voluptatum atque molestiae. Qui voluptas qui aliquam et eveniet tenetur sunt id. Est dolores ipsa incidunt porro explicabo ipsum ipsum. Sed quia cupiditate illo qui eos.', 12, '2018-02-25 10:36:20', '2018-02-25 10:36:20'),
(144, 'Madie Cormier', 'macey14@murphy.com', 'Ipsam similique error et molestiae placeat.', 12, '2018-02-25 10:36:20', '2018-02-25 10:36:20'),
(145, 'Jeanie Leuschke', 'koss.francisco@yahoo.com', 'Vel deserunt occaecati occaecati rerum aliquam.', 16, '2018-02-25 10:36:20', '2018-02-25 10:36:20'),
(146, 'Kaitlyn Effertz I', 'qwitting@wolf.net', 'Natus corporis quia magni officiis beatae aut cumque. Aspernatur provident unde fugit tempore.', 1, '2018-02-25 10:36:20', '2018-02-25 10:36:20'),
(147, 'Jacky Will', 'uheathcote@hotmail.com', 'Eveniet labore quam quidem reiciendis sunt aut.', 12, '2018-02-25 10:36:20', '2018-02-25 10:36:20'),
(148, 'Wilhelmine Hoeger', 'moen.morris@boehm.com', 'Est tempore quis mollitia distinctio animi odit harum.', 9, '2018-02-25 10:36:20', '2018-02-25 10:36:20'),
(149, 'Marianna Beer', 'baumbach.kyleigh@ritchie.com', 'Aspernatur dolores eaque possimus ex et eligendi. Architecto eos aliquid qui sit veniam qui.', 22, '2018-02-25 10:36:21', '2018-02-25 10:36:21'),
(150, 'Eva Bogisich', 'mgleichner@yahoo.com', 'Eius beatae quod reprehenderit consequatur magni culpa omnis. Alias laudantium est nam. Accusamus voluptates voluptates aut esse.', 14, '2018-02-25 10:36:21', '2018-02-25 10:36:21'),
(151, 'Nels Durgan', 'pauline.will@murray.org', 'Ipsum qui quibusdam quia nostrum voluptatem corrupti. Sit omnis et dolor non enim aperiam totam omnis.', 28, '2018-02-25 10:36:21', '2018-02-25 10:36:21'),
(152, 'Gloria Jones', 'cordia47@west.com', 'Ab est iure dolor itaque corporis nemo rem. Non voluptate ipsa quis consequuntur fugit. Odit est perferendis eos nostrum quasi.', 12, '2018-02-25 10:36:21', '2018-02-25 10:36:21'),
(153, 'Prof. Devin Reilly DDS', 'donnie71@gmail.com', 'Repellendus voluptatem similique ipsa sunt quia et unde. Facere voluptatem amet qui totam accusamus sapiente. Dolore velit vel quia numquam repudiandae animi. Suscipit sit nemo corporis debitis. Sit iure sed similique sed ducimus odio fugit.', 22, '2018-02-25 10:36:22', '2018-02-25 10:36:22'),
(154, 'Wilburn Ondricka V', 'reichert.vella@yahoo.com', 'Omnis corporis in est voluptatum qui ut. Non assumenda sed sed quos praesentium. Consequuntur doloribus id harum maiores itaque. Et quaerat rerum fugit numquam atque placeat.', 13, '2018-02-25 10:36:22', '2018-02-25 10:36:22'),
(156, 'Concepcion Hilpert III', 'cbeatty@hotmail.com', 'Cupiditate in qui ut molestiae tempora blanditiis. Eos dignissimos id dolores id quod magnam. Cum autem aut corporis soluta deserunt dolore omnis. Nostrum quisquam delectus illo enim. Officiis velit deleniti consectetur assumenda dolores et incidunt. Molestias repudiandae et labore similique.', 13, '2018-02-25 10:36:22', '2018-02-25 10:36:22'),
(158, 'Eugenia Schultz', 'ardella93@hotmail.com', 'Harum nihil et architecto voluptatem dolorem. Et repellendus ipsum corporis voluptatem dolorem et.', 26, '2018-02-25 10:36:22', '2018-02-25 10:36:22'),
(159, 'Prof. Lucile Nicolas PhD', 'ygreenholt@gmail.com', 'Eaque eum facilis molestias dicta accusamus. Eos quisquam quod ut veritatis architecto. Quam itaque aperiam veritatis officiis qui aut. Ratione non pariatur quis est ratione.', 7, '2018-02-25 10:36:22', '2018-02-25 10:36:22'),
(160, 'Anastacio Farrell', 'raynor.caleb@fay.com', 'Dicta quas consectetur sed ut enim et dolorum architecto.', 16, '2018-02-25 10:36:22', '2018-02-25 10:36:22'),
(161, 'Evert Kohler DVM', 'filiberto.purdy@hotmail.com', 'Dignissimos quo nam est vero et. Cupiditate incidunt architecto mollitia sint quidem debitis.', 13, '2018-02-25 10:36:22', '2018-02-25 10:36:22'),
(162, 'Breanna Kirlin', 'torphy.vanessa@yahoo.com', 'Et accusamus provident labore dolor amet. Dolor et commodi voluptas at. Occaecati tenetur natus quod ipsum animi ducimus. Quia incidunt consequatur ad ut aut dicta.', 7, '2018-02-25 10:36:22', '2018-02-25 10:36:22'),
(163, 'Jacinto Vandervort', 'ylockman@gmail.com', 'Cupiditate nulla ab est atque id quaerat. Nulla qui iste occaecati nisi. Et fugiat sunt est laborum quisquam est animi. Accusamus nobis nihil rerum molestiae quia est provident vero. Enim quia fugiat sed quas.', 11, '2018-02-25 10:36:22', '2018-02-25 10:36:22'),
(164, 'Flo Smitham I', 'vwaters@yahoo.com', 'Officia molestiae necessitatibus impedit corrupti eos dolorem ut magni. Enim doloremque illum perferendis distinctio possimus dolores. Quas omnis quis sed facilis. Dolor et dolorem tenetur voluptatum voluptate.', 18, '2018-02-25 10:36:22', '2018-02-25 10:36:22'),
(165, 'Jordyn Zulauf', 'vernie64@gmail.com', 'Et dolores voluptatum sed perspiciatis corporis et quo. Mollitia voluptatum dolore et corrupti dolores.', 7, '2018-02-25 10:36:22', '2018-02-25 10:36:22'),
(166, 'Mathew Huels PhD', 'rsipes@carroll.info', 'Numquam delectus quia et sit adipisci ipsam nihil omnis. Velit tenetur voluptas omnis perspiciatis sit non possimus. Aperiam est illum placeat illum vel eligendi doloribus. Molestias unde et quo consequatur dicta commodi.', 4, '2018-02-25 10:36:22', '2018-02-25 10:36:22'),
(167, 'Martina Kerluke', 'west.christiana@hane.info', 'A id sint distinctio repudiandae. Rerum sed maxime molestiae totam earum rem. Fugit perferendis sit et.', 12, '2018-02-25 10:36:22', '2018-02-25 10:36:22'),
(168, 'Luna Braun', 'oferry@yahoo.com', 'Nostrum cum voluptatem suscipit natus. Distinctio omnis qui eos commodi eligendi in hic. Velit porro eum enim suscipit dolores. Odit sed iste aut et repellat facere consequatur occaecati.', 15, '2018-02-25 10:36:22', '2018-02-25 10:36:22'),
(169, 'Mr. Darrin Kuhlman', 'kpfeffer@langosh.com', 'Est sed amet et et. Asperiores distinctio et beatae et et. Enim rem occaecati architecto et tempore laboriosam exercitationem.', 10, '2018-02-25 10:36:22', '2018-02-25 10:36:22'),
(170, 'Kathleen Kerluke', 'carmen24@beahan.com', 'Aut sit est odio ut. Maxime dolore dolorum distinctio quos cupiditate.', 2, '2018-02-25 10:36:23', '2018-02-25 10:36:23'),
(171, 'Kristoffer Predovic', 'qgibson@hilll.com', 'Ea natus deserunt perferendis atque enim quos. Quis quia minus explicabo similique quia. Maiores sed excepturi et repudiandae incidunt consequatur. Saepe odit similique non qui ut voluptate eaque vel. Nesciunt et id exercitationem a et quia rerum.', 10, '2018-02-25 10:36:23', '2018-02-25 10:36:23'),
(172, 'Mrs. Agustina Ankunding', 'paucek.madge@gmail.com', 'Fuga rerum et a voluptas explicabo.', 24, '2018-02-25 10:36:23', '2018-02-25 10:36:23'),
(173, 'Zoey Kilback', 'psauer@gmail.com', 'Delectus est beatae ut ea. Ut consequatur temporibus similique non ut. Quae qui voluptates enim. Qui sunt eos quam nihil. Esse sit et officiis officia alias voluptatum. Et aut velit doloribus ad.', 23, '2018-02-25 10:36:23', '2018-02-25 10:36:23'),
(174, 'Elroy Rohan', 'lenora.hagenes@gmail.com', 'Rerum veritatis sapiente harum et consequatur architecto incidunt. Corrupti voluptatem et similique nihil reprehenderit.', 13, '2018-02-25 10:36:23', '2018-02-25 10:36:23'),
(175, 'Dr. Donato Moore Jr.', 'qmoore@corkery.com', 'Veniam temporibus rem nisi quis voluptas voluptatem.', 15, '2018-02-25 10:36:23', '2018-02-25 10:36:23'),
(176, 'Sister Dickinson', 'clemke@oconner.org', 'Excepturi aut nihil aspernatur cum. Ullam dolor sapiente quas atque rem.', 10, '2018-02-25 10:36:23', '2018-02-25 10:36:23'),
(177, 'Hector Heidenreich', 'boyd.hessel@hotmail.com', 'Molestias fugit sapiente consequatur. Et optio dolore suscipit veniam beatae.', 10, '2018-02-25 10:36:23', '2018-02-25 10:36:23'),
(178, 'Hank Reichel', 'nwehner@bernhard.com', 'Aut commodi sint voluptatem. Qui corrupti similique non. Est ullam iure quis voluptate.', 20, '2018-02-25 10:36:24', '2018-02-25 10:36:24'),
(179, 'Adelbert Koch', 'bromaguera@yahoo.com', 'Enim corporis quis quisquam alias. Dolorum accusamus consequatur iure quidem.', 7, '2018-02-25 10:36:24', '2018-02-25 10:36:24'),
(180, 'Jeffrey Bosco', 'lillie62@yahoo.com', 'Consequatur fugit assumenda est molestiae doloribus. Doloremque qui repellendus magni dolores labore.', 1, '2018-02-25 10:36:24', '2018-02-25 10:36:24'),
(181, 'Gregory Crist', 'rae.mitchell@yahoo.com', 'Autem dignissimos ea velit repellendus sequi dolores inventore. Quia doloribus consequatur iusto consequuntur. Dicta beatae ipsa sunt animi quaerat quasi quia. Ipsa eum cupiditate modi natus rerum molestiae ab. Ut suscipit sit soluta neque nihil similique. Ad est beatae sed temporibus.', 16, '2018-02-25 10:36:24', '2018-02-25 10:36:24'),
(182, 'Sally Bogan', 'autumn.cummerata@gmail.com', 'Et aut quia delectus velit tenetur.', 12, '2018-02-25 10:36:24', '2018-02-25 10:36:24'),
(183, 'Abby Buckridge', 'waters.casandra@dach.com', 'Maiores sed consequatur ut. Repellendus facere animi quam et. Ratione sed repudiandae sit ab quidem aut magni. Totam quam culpa harum ducimus est labore eum.', 23, '2018-02-25 10:36:24', '2018-02-25 10:36:24'),
(184, 'Danial Zemlak', 'lgerlach@gusikowski.info', 'Sit explicabo voluptas nisi laudantium. Voluptas voluptate ut enim voluptatem sunt.', 15, '2018-02-25 10:36:24', '2018-02-25 10:36:24'),
(185, 'Mr. Laverne Brekke II', 'hkovacek@morar.com', 'Deserunt saepe tempora tempore. Delectus et nostrum doloribus nulla consequatur unde. Doloribus voluptas dolorem neque suscipit ipsum ab alias. Eos molestiae culpa fugit sint non quia.', 19, '2018-02-25 10:36:24', '2018-02-25 10:36:24'),
(186, 'Letha Franecki', 'colby.terry@yahoo.com', 'Non deleniti est sunt incidunt sed. Doloremque laborum id reprehenderit ea doloribus. Ut est est rerum omnis.', 22, '2018-02-25 10:36:24', '2018-02-25 10:36:24'),
(187, 'Pedro Heller', 'okon.garnet@gmail.com', 'Voluptas soluta alias quia ducimus illum.', 19, '2018-02-25 10:36:25', '2018-02-25 10:36:25'),
(188, 'Dr. Matilde Wintheiser', 'kjacobs@huels.com', 'Qui dignissimos aliquid cum esse delectus. Sapiente est animi nulla quisquam consequatur et veniam. Tenetur est dolor ut vel. Possimus amet recusandae quaerat voluptate consequatur rerum est.', 14, '2018-02-25 10:36:25', '2018-02-25 10:36:25'),
(189, 'Maida Kulas', 'dleffler@yahoo.com', 'Rerum debitis qui officia reiciendis voluptas architecto tenetur cumque. Impedit possimus dolor adipisci asperiores voluptatibus nobis. Ea sint qui qui voluptate.', 4, '2018-02-25 10:36:25', '2018-02-25 10:36:25'),
(190, 'Madisen Batz', 'jaydon.brakus@feeney.info', 'Quasi distinctio nulla dolores omnis quidem qui. Totam nihil ipsam qui quis natus. In at itaque odio.', 5, '2018-02-25 10:36:25', '2018-02-25 10:36:25'),
(191, 'Clara Wiegand', 'hyman.reilly@hotmail.com', 'Deleniti veritatis consectetur repellendus ipsa velit. Sit fuga repudiandae eaque.', 24, '2018-02-25 10:36:25', '2018-02-25 10:36:25'),
(192, 'Retha Wiza', 'baumbach.judy@hansen.com', 'Tenetur aliquam praesentium esse mollitia earum quos ut error. Adipisci itaque fuga accusantium optio est mollitia perferendis.', 29, '2018-02-25 10:36:25', '2018-02-25 10:36:25'),
(193, 'Raoul Shanahan', 'wturcotte@gmail.com', 'Quia qui laborum aut eligendi dolor corrupti. Cumque omnis saepe magnam.', 29, '2018-02-25 10:36:25', '2018-02-25 10:36:25'),
(194, 'Marcia Huel PhD', 'marcos.schumm@gmail.com', 'Quis temporibus qui dolorem id aut. Placeat laboriosam ipsum molestiae aliquam. Eum aliquam et dolor est cum. Perferendis fugiat ex et nemo repellendus. Et dolores eaque reiciendis nulla qui molestiae.', 9, '2018-02-25 10:36:25', '2018-02-25 10:36:25'),
(195, 'Tommie Wisozk', 'lois42@yahoo.com', 'Ab aspernatur et ea sint. Maxime a alias laboriosam soluta. Molestiae ut nemo eos alias. Sint beatae saepe deserunt.', 12, '2018-02-25 10:36:25', '2018-02-25 10:36:25'),
(196, 'Dr. Justen Beahan I', 'orion87@veum.info', 'Architecto culpa nihil illum rem voluptatem doloremque. Quis est ea voluptatem consequuntur perferendis. Est repudiandae ipsam nihil quaerat.', 5, '2018-02-25 10:36:25', '2018-02-25 10:36:25'),
(197, 'Manuel Bogisich Jr.', 'jdurgan@marks.biz', 'Impedit dolorem exercitationem et eaque assumenda ex ea. Quod quae corrupti ad ut magnam quae. Veritatis et qui sint quisquam deserunt nihil. Rerum ut velit ex vel assumenda provident culpa. Est quis et ipsa hic ut. Consequatur quae iusto rem non molestias.', 16, '2018-02-25 10:36:25', '2018-02-25 10:36:25'),
(198, 'Mrs. Talia Kuhlman', 'golson@yahoo.com', 'Excepturi delectus repellat et fugiat natus ea accusantium. Maxime minus adipisci enim mollitia.', 13, '2018-02-25 10:36:25', '2018-02-25 10:36:25'),
(199, 'Prof. Brooke Nitzsche', 'wrutherford@donnelly.info', 'Reiciendis rem impedit minus nam iusto qui. Adipisci neque neque vitae ut. Molestiae est voluptas optio quis. Provident nihil et qui eaque.', 21, '2018-02-25 10:36:25', '2018-02-25 10:36:25'),
(200, 'Hallie Willms', 'ibailey@orn.biz', 'Quidem eum voluptatem omnis fugit. Eum dolores cum voluptatem ea molestias rerum eos. Consequuntur qui voluptas et dignissimos adipisci. Provident est cum est exercitationem est.', 7, '2018-02-25 10:36:25', '2018-02-25 10:36:25');

-- --------------------------------------------------------

--
-- Table structure for table `posts`
--

CREATE TABLE `posts` (
  `id` int(10) UNSIGNED NOT NULL,
  `title` varchar(255) COLLATE utf8_unicode_ci NOT NULL,
  `content` text COLLATE utf8_unicode_ci NOT NULL,
  `user_id` int(10) UNSIGNED NOT NULL,
  `category_id` int(10) UNSIGNED NOT NULL,
  `created_at` timestamp NULL DEFAULT NULL,
  `updated_at` timestamp NULL DEFAULT NULL
) ENGINE=InnoDB DEFAULT CHARSET=utf8 COLLATE=utf8_unicode_ci;

--
-- Dumping data for table `posts`
--

INSERT INTO `posts` (`id`, `title`, `content`, `user_id`, `category_id`, `created_at`, `updated_at`) VALUES
(1, 'Qui debitis voluptatem ex esse ab eos neque repellendus.', 'Non nesciunt laboriosam voluptate in dicta eum. Exercitationem pariatur itaque quis aliquid corporis odit labore. Ipsa quia eaque architecto velit. Nostrum non laboriosam hic. Quae beatae incidunt eveniet sed. Nihil minima tempora eius perspiciatis fugiat sed. Et corporis vel rem eaque nihil sit non. Sit sapiente cumque ut commodi itaque sunt voluptatibus sed. Harum sit itaque nisi et earum ut ad unde. Voluptatibus modi excepturi porro aliquid quod sit. Ea molestiae voluptatem minima nulla eos eos et qui. Debitis omnis voluptate quaerat ducimus et qui consequuntur. Officia eveniet quisquam pariatur nulla sapiente velit. Dolorem dolorem fugiat ratione voluptatem. Neque doloremque aut numquam. Dolorum ut laboriosam in dolor. Consequuntur soluta est eos. Voluptatem et voluptates repellat autem dicta ratione doloremque. Et est aut natus impedit expedita a animi. Error asperiores id sit. Consequatur error aspernatur quam amet deserunt quas. Temporibus impedit velit ratione in consequatur ipsum. Ipsum quis in commodi necessitatibus qui omnis nisi. Consequatur dolores esse eum autem ea tenetur. Blanditiis qui in ratione corporis numquam. Earum ut porro eius est. Eligendi nihil nesciunt qui minima modi rem. Atque architecto similique illum et itaque velit occaecati. Et aut aut quisquam eos in. Ut autem qui nihil itaque cumque. Vel voluptas recusandae vel laboriosam. Ut recusandae quibusdam quis in. Culpa accusamus voluptatem est ipsam provident commodi reprehenderit. Qui rerum dolore totam fuga accusantium dolor. Inventore fugiat qui qui et nobis cumque. Porro cumque amet est est. Occaecati saepe sint quo ullam. Ut ut sit voluptates debitis quod eveniet ex.', 5, 5, '2018-02-25 10:36:07', '2018-02-25 10:36:07'),
(2, 'Placeat magnam amet non quo.', 'Officia et odio dolore commodi dolores quam praesentium. Libero in similique voluptatem quis. Provident voluptates itaque repudiandae quis et ut. Harum aperiam temporibus voluptatem ducimus repellendus quibusdam. Nostrum aut iusto reiciendis. Saepe qui magni iste incidunt. Nostrum qui dicta et. Qui et eligendi placeat nisi sapiente autem. Dolor dolorem temporibus quas et dolores et accusamus. Quos odit cupiditate excepturi suscipit inventore vitae consequatur. Inventore consequatur facere doloribus numquam voluptates. Consequuntur iste dolorem enim repellat nesciunt nostrum vel. Quia id accusantium velit tempore odit enim. Et doloremque distinctio eum cupiditate dolorem recusandae dolorem. Sequi laboriosam similique rem ut recusandae distinctio. Vero eum facilis qui hic sit fugiat error alias.', 4, 3, '2018-02-25 10:36:07', '2018-02-25 10:36:07'),
(3, 'Commodi libero facere ab quasi sit.', 'Magni sit exercitationem assumenda. Aut reprehenderit nemo facere unde fugiat. Corrupti eveniet velit ea deserunt. Repellendus recusandae inventore labore sapiente modi. Suscipit animi placeat molestias officia. Vero voluptatibus sit ea repellat dolores. Occaecati quidem ipsam totam quos necessitatibus qui. Molestiae deleniti est aut labore. Eveniet atque dolor adipisci mollitia officia laudantium tenetur cumque. Dolore minus a delectus. Aspernatur non earum et dolores in. Eos reiciendis maiores optio ea exercitationem quos sapiente. Molestiae a numquam natus qui nulla eos.', 5, 4, '2018-02-25 10:36:07', '2018-02-25 10:36:07'),
(4, 'Iste quaerat sit qui qui nesciunt.', 'Nostrum nihil veritatis reiciendis. Quis voluptatem nisi voluptate aut enim. Dolor omnis ea alias non aliquid quae inventore suscipit. Suscipit libero libero officiis consequuntur aspernatur reiciendis. Dolorem provident sed rerum sit nobis quia et ipsam. Et consectetur sed sint quae minima voluptas. Ea nisi deserunt in minima enim provident. Quasi molestias tempore ut nam vel voluptatem consectetur enim. Quod ipsam amet itaque rem. Fugiat natus minus unde. Qui adipisci est eum corporis natus et. Cumque voluptas commodi et eligendi consequatur. Qui assumenda at nostrum dolores asperiores unde odio. Aut sit magnam rerum. Quis voluptatem veritatis optio ad deserunt sunt autem. Reiciendis nam sit autem explicabo optio et. Eaque rerum ut est ducimus nam.', 5, 3, '2018-02-25 10:36:07', '2018-02-25 10:36:07'),
(5, 'Maxime rerum recusandae labore accusamus qui similique.', 'Eligendi est eveniet sunt quasi. Nemo quae id beatae deleniti iusto. Aut cumque ad modi eveniet id. Est quia aliquam officiis illo. Porro neque dolorem qui expedita dolorum sequi. Earum nisi dolore delectus. Quam error delectus ea minus perferendis qui sint. Quia sint velit consequatur aliquid culpa placeat. Eveniet consequatur fugit qui molestiae eum. Est assumenda non sint magni sed porro architecto. Similique dolores ut sit incidunt ut delectus mollitia. Debitis voluptate fuga omnis blanditiis tenetur ea. Ex dolorum est ipsum facilis repudiandae magnam adipisci eius. Impedit dolores recusandae nulla. Facilis sed quia error asperiores quibusdam neque. Voluptate nam sed quia nostrum veniam vitae consectetur. Velit magnam magni quia omnis voluptatem quia et earum. Fuga fuga atque necessitatibus odit sint eum.', 3, 3, '2018-02-25 10:36:07', '2018-02-25 10:36:07'),
(7, 'Ab vitae officiis tenetur laboriosam omnis accusantium.', 'Cupiditate maxime error fugit dolore dolore nostrum. Incidunt est assumenda ut harum harum dolor dolorum. Officia blanditiis nihil consequatur. Omnis ut assumenda voluptates quo non. Quas necessitatibus est ut provident velit natus. Accusamus enim perferendis sit et deleniti distinctio. Quae non perspiciatis non atque eos. Nisi veniam aspernatur praesentium sint tempore est et. Quae facere enim quidem quas vel non. Ducimus facere maxime ducimus sint voluptas voluptatem officia aut. Quia excepturi exercitationem sunt. Voluptas perspiciatis delectus sint qui sunt excepturi. Suscipit et tenetur ratione dignissimos omnis eligendi. Corporis omnis omnis aliquid aut ut et. Accusamus dolores odio sit consectetur placeat exercitationem ut. A quidem unde est odio. Veritatis id odio ut possimus quos nostrum. Voluptatem voluptatem culpa officiis tempora animi. Debitis ut non atque autem. Eaque porro tempora at voluptatem est quod magni. Aspernatur rerum nam omnis aut. Est accusantium amet reprehenderit rerum totam. Id voluptas asperiores et rem. Qui doloremque commodi eum ut. Earum a excepturi sit voluptas sed aspernatur et. Consectetur dicta debitis temporibus aut cum in. Est ex distinctio quia nemo. Officiis voluptas repudiandae eius autem eaque id eos sunt. Dolores repellat quod sint quia ducimus aut. Quisquam neque voluptas vitae aliquid nemo necessitatibus. Nam sint voluptas adipisci sunt sit dolores dolores inventore. Quo sequi consequuntur pariatur consequatur debitis voluptatum quia. Sapiente beatae et animi expedita. Voluptatem quam est dolorum molestiae quaerat explicabo ratione. Quia quia illum aliquam quisquam tempora. Odio eaque officiis voluptatem accusantium qui necessitatibus impedit qui. Qui qui quis voluptatem doloribus tempora. Ducimus et sed dolorem itaque. Ipsam sunt ab non nihil molestias. Aut voluptatem ut dolores aut quisquam. Fugit autem eos reiciendis accusamus architecto.', 2, 6, '2018-02-25 10:36:07', '2018-02-25 10:36:07'),
(8, 'this is updated post', 'Repellat odit illum consectetur doloremque fugiat. Ab hic aspernatur voluptatem earum quas. Architecto explicabo optio veniam harum. Et harum nisi porro soluta consectetur repudiandae. Sed mollitia incidunt architecto saepe reprehenderit. Quisquam hic amet expedita praesentium saepe iure explicabo occaecati. Molestiae aut laborum consequatur nemo mollitia. Quos atque cupiditate qui ipsam quo reiciendis quia illo. Voluptates aut dolor iusto. Maxime molestiae sint dolor omnis corrupti alias. Eveniet vero minus enim nisi. Illo consequatur illum facere quia inventore quo. Omnis amet quam ut. Laudantium laboriosam est aut totam illo unde qui. Aut corporis iste ratione ut. Ipsa quasi quia aliquid. Enim non debitis rerum in. Quae voluptatum incidunt eos ea soluta tempore culpa. Ullam sint reiciendis cum sit voluptas quae rerum. Quo ut est voluptates eaque velit quis delectus. Quos dolore aspernatur eligendi accusantium. Provident sapiente dolor deserunt velit repudiandae natus. Ullam nulla ipsam dicta aliquid ipsa dolor. Est alias et sunt vitae ad qui vero consequatur. Quia dolores nihil iste adipisci ut dignissimos. Voluptatem sunt dolores rem possimus. Sunt doloribus et sit repellat dolore error. Qui reprehenderit reprehenderit perspiciatis earum et vero nemo.', 1, 5, '2018-02-25 10:36:07', '2018-02-25 13:49:25'),
(9, 'second updated post Pariatur fugit', 'Consequatur sapiente temporibus necessitatibus dolores optio. Sint ut dolorum velit ipsam accusantium recusandae praesentium. Sint modi rerum omnis dolorem sit perspiciatis sed. Sed quia qui adipisci. Nihil enim excepturi asperiores reiciendis minima voluptas. Eaque accusantium ducimus excepturi saepe numquam veritatis. Perferendis vel odio aut hic perspiciatis quos laborum. Quia nesciunt tempore tempora velit voluptas sed nulla in. Rem aut non temporibus harum. Eum totam quasi velit officiis. Inventore exercitationem vero et consequuntur sed atque similique eveniet. Officiis accusantium et deleniti. Rerum corporis quibusdam delectus iusto. Voluptatem ipsam dolorem officiis dolor. Molestiae atque ut qui distinctio id.', 1, 3, '2018-02-25 10:36:08', '2018-02-25 13:49:53'),
(10, 'Odio minima optio et facere eius.', 'Neque quo ut ea excepturi rerum tempora deleniti. Voluptas aspernatur vel aut voluptate incidunt. Consectetur nostrum quibusdam totam quo molestiae. Dignissimos quam delectus consequatur repellat ut repellendus. Qui deserunt quam distinctio quo asperiores non ipsum. Est placeat temporibus neque mollitia ullam assumenda natus. Quibusdam et maxime est in saepe alias. Ad recusandae eius ducimus magni sed sint. Pariatur sed a qui dolores illo. Voluptatem amet ea qui tenetur aut quia fuga. Reiciendis illo a blanditiis qui occaecati eos similique. Et quasi cumque maxime laudantium laudantium voluptatem voluptatem natus. Ab repellendus neque corporis earum. Sequi tenetur molestiae aut. Illo ut facilis debitis aut inventore tenetur quo nisi. Cumque magni cum est unde id. Modi voluptatem tenetur iste error. Sit ullam blanditiis et incidunt ut rerum. Quas blanditiis fugiat et quod et et reprehenderit. Qui quisquam ipsam deleniti cum. Voluptatem sunt pariatur qui. Tempore provident assumenda maxime aspernatur voluptatibus impedit. Aut aut dolorem omnis ut. Quasi asperiores rerum cum. Voluptas deleniti aliquid asperiores perspiciatis.', 1, 5, '2018-02-25 10:36:08', '2018-02-25 10:36:08'),
(11, 'In sit reiciendis natus quo quidem et alias.', 'Consequatur facilis sapiente sed dicta nihil vitae excepturi. Omnis praesentium qui voluptatem qui praesentium. Minima laboriosam est temporibus libero. Corrupti aperiam voluptatibus qui numquam pariatur adipisci vel. Necessitatibus magnam soluta autem maxime id quam. Quis sed neque ea molestiae id. Quia culpa tenetur qui quod nostrum nihil. A distinctio laboriosam qui fugit totam quisquam vel rerum. Reprehenderit veritatis qui voluptates enim tempora molestias possimus. Repellendus consequatur ut placeat omnis. Quo laborum nobis numquam cumque quisquam aut libero. Vel ipsum dolores ut fuga culpa. Quae iure porro adipisci eum rerum. Officia consequatur cum officia exercitationem. Et magnam consectetur quam. Numquam nisi id culpa porro officia quibusdam ut. Voluptates cupiditate at impedit unde. Aliquid perferendis sequi id voluptatem sed minima. Odio illo molestias velit. Dolorum quo velit sunt provident corporis dolorum et. Occaecati aut nobis eaque voluptas possimus ipsa est vel. Ab reiciendis impedit eaque ipsam recusandae odit consequatur. Quidem cumque quis fuga rerum et. Iste occaecati porro itaque autem ab et ab. Ipsum ut dicta quaerat est et reprehenderit repudiandae. Ut consequatur distinctio inventore qui. Voluptates quisquam deserunt culpa sapiente dolorum voluptatem cumque. Rerum et pariatur totam atque. Quae quo cumque beatae omnis similique. Qui perspiciatis omnis hic velit rerum voluptates. Autem nihil ipsum tempore et eligendi. Eius qui alias est dolor provident nulla error. Similique nisi id iste quia voluptatibus. Ducimus error enim quia odit.', 5, 1, '2018-02-25 10:36:08', '2018-02-25 10:36:08'),
(12, 'Et magnam libero ut repudiandae dicta tenetur incidunt.', 'Ut magnam sed nemo voluptate. Quos culpa eveniet sit hic sit molestiae. Ut saepe commodi deleniti voluptate. Qui sit quia beatae molestiae eius dolorum incidunt. Laborum facilis et id. Rerum ducimus quas rem voluptatum non similique recusandae. Incidunt adipisci modi maiores nesciunt rerum. Ipsum rerum similique at sapiente nemo quaerat corrupti sint. Dignissimos sapiente nihil deleniti consequatur aut praesentium consequatur deleniti. Dicta occaecati aliquam consequatur molestiae nihil. Eum sequi in dolores qui velit sit reprehenderit est. Voluptatibus sit impedit id. Possimus fugiat voluptatem molestiae consequatur ullam. Quas impedit minus magni eius id quos architecto rem.', 5, 6, '2018-02-25 10:36:08', '2018-02-25 10:36:08'),
(13, 'Magni ut nisi autem quisquam.', 'Magni dolorem ullam est eum itaque molestiae. Voluptates et beatae ratione omnis. Soluta quaerat distinctio nobis earum voluptas voluptatibus aut quidem. Nisi sed eos rerum alias ut assumenda. Cumque placeat pariatur velit fugit maxime sequi doloremque quos. Est iste omnis harum nesciunt quidem. Aut ea tempore facilis ipsa sed aut in officia. Accusamus natus animi et et. Magni minima sit esse facere non quaerat illo. Amet id possimus iure optio eius hic aut. Dolor nulla sed qui rerum et sit debitis. Repellat quidem placeat voluptatem sit et. Et quos quisquam suscipit cum sunt soluta asperiores. Vitae quidem dolor quia perferendis occaecati iusto tenetur. Dicta autem sit rem pariatur. Et perspiciatis sit omnis sed. Dolor quo laboriosam quo optio. Aut odit ducimus officia est voluptates quaerat consequatur voluptatem. Maxime fuga laboriosam atque non. Et alias dolor sint doloribus laborum quia. Aliquid velit aut et quia repellat perspiciatis eos. Perferendis ex neque expedita rerum voluptatem rerum quos. Odit reiciendis dolorem tempore facilis enim in minus. Amet consequuntur ullam culpa quia minus voluptate. Dolores assumenda qui dolor est itaque omnis qui. A velit omnis vel dicta voluptate ipsum.', 5, 2, '2018-02-25 10:36:08', '2018-02-25 10:36:08'),
(14, 'Eum ipsa provident ut debitis eveniet et ea illum.', 'Similique facilis maxime eius fuga quaerat. Animi eos ut veniam magni dolor. At aspernatur iusto quos molestiae maxime. Nihil blanditiis vel repudiandae ducimus fugit. Voluptatem voluptas et placeat dolores ratione reprehenderit. Ex sint quo delectus voluptate et id consequuntur. Sunt voluptatem vel sit est eius enim inventore. Facere vitae architecto dicta cum totam. Unde quod eum voluptas consequatur quod corporis ut. Animi minus consequuntur cupiditate. Aut doloremque explicabo animi qui ad. Distinctio libero porro rerum sit est nihil est. Accusantium enim ad iste tenetur esse sed sunt. Atque voluptates est laudantium veritatis accusamus. Qui rerum tempora perspiciatis eveniet quas velit. Natus beatae incidunt veritatis et consequuntur recusandae possimus. Odit cupiditate quos tempora unde et totam nam. Vero quidem et veniam necessitatibus quis tenetur. Impedit laudantium ipsam ratione soluta nesciunt. Dolores sed quod error quidem sunt sunt. Necessitatibus aut unde ut fugit est autem quaerat. Dolor eos asperiores dolor dignissimos suscipit placeat incidunt. Commodi non ducimus impedit cumque molestiae. Sequi error quidem officiis. Deserunt explicabo dolorum rerum accusantium impedit est. Et excepturi quaerat alias non. Est molestias mollitia qui excepturi totam ut laborum. Illo corporis possimus est molestias at. Nisi possimus repudiandae dicta maiores. Magni occaecati ullam facilis voluptas illo rem sed. Dolorem illum consequatur voluptatem id velit impedit praesentium et. Fuga est nobis nemo iure veniam dolorem mollitia. Nesciunt ad minus eos rerum hic perspiciatis. Molestias eum repellendus a.', 3, 4, '2018-02-25 10:36:08', '2018-02-25 10:36:08'),
(15, 'Ut voluptatem id nihil non.', 'Repellendus tenetur vel rerum deleniti porro. Ut veritatis sit est voluptatem ducimus. Similique sed modi ducimus voluptatum reiciendis accusamus. Velit sit incidunt rem eaque enim accusantium. Consectetur et iure laboriosam qui. Ducimus odio sed autem inventore quia. Quis qui eaque omnis ut porro eius. Dolorem ducimus excepturi odit aliquam sit. Cumque explicabo ut et architecto in et. Assumenda in sunt excepturi laudantium. Quia nisi vel voluptatem ut saepe autem et aut. Velit ut fugit voluptate. Aut accusamus aut aspernatur aperiam vel. Libero eos sunt qui rerum in et amet temporibus.', 5, 5, '2018-02-25 10:36:08', '2018-02-25 10:36:08'),
(16, 'Dolorum ad tenetur reprehenderit nisi quae ut temporibus.', 'Est rerum quis ut ab. Omnis et animi fugiat eius at aut. In culpa aut soluta culpa. Rerum omnis et voluptatem. Fuga quia corrupti aperiam quia et. Et officiis qui placeat dolorum. Non ea quia et quia. Ad corrupti dolores repellat autem. Reiciendis beatae quasi quae soluta qui sint incidunt. Accusamus eveniet id facilis. Qui rerum nihil qui numquam est itaque saepe. Sit sapiente exercitationem recusandae sint ut et adipisci. Qui ab dolorem eum. Nostrum aspernatur similique quod eos harum. Qui id ducimus laborum nostrum eos veniam accusantium. Quia ut sint pariatur aliquam quidem. Rerum fugiat eos eos error error.', 2, 4, '2018-02-25 10:36:08', '2018-02-25 10:36:08'),
(17, 'Velit architecto numquam sed quas distinctio atque omnis.', 'Nihil quae consequatur ratione cupiditate modi tempora. Labore est magni aut magnam. Earum veniam veritatis totam voluptatum sequi et qui odit. Minus laboriosam et quia qui et eum distinctio. Ullam adipisci sequi quisquam vero doloribus. Veritatis praesentium ut recusandae ut quod omnis libero. Rem dolorem nostrum eum voluptatem repudiandae saepe sed. Eum reiciendis placeat tempore qui ipsa dolor expedita. Et iure aliquid quos. Non at in est aut. Sapiente voluptatem voluptas recusandae. Et eum in impedit eaque. Aspernatur minima ipsam assumenda aspernatur optio. Velit iure et facilis reprehenderit. Ut voluptatem sed cumque earum ut sequi laudantium. Sed exercitationem consequatur rerum ea est illo possimus. Et modi saepe possimus ut facilis maiores placeat. Commodi quia omnis esse rerum. Maxime est voluptatum voluptates quo voluptatem eos. Adipisci et eos in tempore porro totam. Accusamus qui architecto ducimus et harum doloribus. Ut aut illum quam temporibus quam quis tempore dignissimos. Voluptatem ex asperiores neque reiciendis. Iure voluptatem corporis culpa nulla odio non quibusdam. Dolorum cum dolorem qui esse sint. Hic maiores veniam fugiat maxime sed commodi similique. Pariatur ducimus vero velit fuga eaque voluptas ipsam. Nostrum omnis nisi labore temporibus. Sed quisquam voluptatem illum cum sint sit facilis earum. Quia sint sed et consequuntur eaque occaecati numquam. Accusantium eos vel aut aperiam.', 3, 2, '2018-02-25 10:36:08', '2018-02-25 10:36:08'),
(18, 'Ullam voluptatem non expedita magni.', 'Consequatur dicta rerum quos consequatur. Est deleniti voluptatibus fuga pariatur asperiores dolores qui. Maxime dolores quaerat aut ratione sit voluptates. Voluptatem est maxime culpa aliquam. Nam eum praesentium non vero. Quidem ad et voluptates qui. Vel quam animi sint corporis totam perferendis. Eius velit qui aut exercitationem aliquid vitae dolore. Odit voluptas sint iure dolor quos. Dolores eum est sit dolorem totam magnam. Sit aliquam amet molestias commodi. At non praesentium accusamus ea veritatis nihil occaecati. Illo eligendi quos in ullam sed. Eos reprehenderit saepe quibusdam iste. Soluta quasi ipsam nulla molestias expedita. Quaerat maxime quas porro consequatur atque odit qui. Quibusdam deserunt veniam perspiciatis dolorum sed dolore itaque. Ipsam sed id aut rem. Possimus fugiat a sit molestiae dolore vero. Ut consectetur rerum sit nostrum. Ut non voluptatem architecto qui. Occaecati facilis consectetur labore quam. Quasi qui dolores libero quae aspernatur ea ipsum architecto.', 4, 1, '2018-02-25 10:36:08', '2018-02-25 10:36:08'),
(19, 'Beatae aut voluptatem quibusdam officia totam voluptas eligendi.', 'Consequatur dolor nesciunt sed voluptas possimus doloremque. Fugiat autem earum et sed ea eaque. Pariatur eaque blanditiis reprehenderit sed aliquid ut. Enim et ducimus dolor qui quas minus. Ea illum quisquam iure velit quas itaque qui. Vitae ut rem aperiam sunt nobis veniam. Occaecati doloribus tempora similique magni vel. Quia voluptatem magni mollitia voluptas. Neque est ad et rerum. Illo aliquid praesentium hic cupiditate. Dolor quae animi ea voluptate. Voluptatem id dolorem quis repellendus fuga id quaerat. Dicta praesentium id aliquam dolore. Sit quia et est.', 3, 4, '2018-02-25 10:36:08', '2018-02-25 10:36:08'),
(20, 'Quia eligendi ullam quos.', 'Impedit quia perspiciatis illum odit qui a quo. Minus perspiciatis aut et aut nostrum. Qui vero deleniti exercitationem qui quas. Neque dolores ut neque sit reiciendis sit. Est est maiores est sint. Harum vel reprehenderit quia officia qui quae. Quod quo eius aut. Officia nihil et quia repellat commodi est nostrum necessitatibus. Sed doloribus reprehenderit dolores sit. Eligendi omnis recusandae eaque numquam minus velit. Unde nostrum labore a ratione ea in. Quia non earum quasi. Fugiat numquam cum repellendus qui nobis illum est. Eligendi dicta pariatur hic architecto. Officia sit similique eos rerum. Voluptas earum iste aliquid repellendus. Consequatur maxime nulla totam nulla praesentium et in. Hic molestiae consectetur rem et beatae. Dolor dolor facilis ut totam. Aperiam enim dolorem temporibus deserunt recusandae. Ratione nihil quasi ea ut voluptatem aut minus. Ut repudiandae rerum sunt iure non. Ipsa est ut et. Assumenda ea delectus atque qui nobis unde. Quidem vitae nulla temporibus sequi. Ut et odio est sed. Quas eaque error voluptas qui. Non omnis atque culpa velit. Sit quam et consequuntur minus ab quo porro et. Omnis consequatur eligendi quos labore. Suscipit dolores quia rerum qui animi ut.', 2, 2, '2018-02-25 10:36:08', '2018-02-25 10:36:08'),
(21, 'Consequuntur eum molestiae placeat eos occaecati.', 'Ipsa illum sunt quaerat voluptate molestiae. Nulla eius ratione ut fugiat omnis cum. Sed et provident tempora ad officiis et culpa. Natus nihil quo eos deserunt ducimus distinctio aut. Deserunt eius pariatur quae sapiente. Autem laudantium illum distinctio et. Est ullam odio sed quia molestiae necessitatibus. Unde atque qui velit et sit. Tempora placeat reprehenderit amet sunt quia quia. Sit et sequi ut et sit ad sunt illum. Quis corrupti rem reprehenderit omnis optio. Ipsum incidunt veritatis enim sunt. Saepe dolor voluptatem quo dolor rerum. Quam odio corrupti et. Velit sequi aut autem et itaque. Excepturi occaecati iste maxime. Natus voluptatem deserunt quis. Quia ut ad rerum. Sequi ea dolor sunt.', 1, 3, '2018-02-25 10:36:08', '2018-02-25 10:36:08'),
(22, 'Dolor natus deleniti aliquid reiciendis expedita ipsa nihil.', 'Culpa eos nobis voluptatem quas eligendi exercitationem. Fugit voluptatum iure assumenda optio deleniti facere. Ipsam quaerat beatae provident necessitatibus nesciunt dolorem iusto. Incidunt vel libero nostrum ut quo. Rerum sed ea ad adipisci quidem tempore. Adipisci sit sed qui soluta eum iste. Quisquam qui qui adipisci. Dolorem et porro ea debitis sint ullam est et. Dicta vel ullam consequatur. Unde provident magni doloribus sit voluptatibus. Sed est tempora est eveniet voluptatem quae. Alias omnis officiis quis enim quo voluptas. Consequuntur magni fuga et odio reiciendis. Provident ullam consequatur modi. Ad ducimus eveniet vel sint aut impedit et sunt. Ut temporibus voluptas eos cupiditate omnis. Laborum quaerat omnis quod magni repudiandae officiis.', 5, 1, '2018-02-25 10:36:08', '2018-02-25 10:36:08'),
(23, 'Id modi asperiores reprehenderit inventore est.', 'Ad impedit molestiae voluptatem qui eos laudantium. Et sed natus dolore velit cupiditate commodi. Sed aut mollitia neque magni sunt earum. Impedit atque cum quasi eum. Sunt reprehenderit est nesciunt beatae. Esse ex incidunt non et illum voluptatem tempore nulla. Qui et animi eos fuga omnis voluptas dicta. Expedita eveniet culpa voluptatem voluptas. Eius sunt doloribus quisquam eius. Qui accusamus ut incidunt dolores quia aut ut. Quae eveniet occaecati et vel nesciunt at culpa blanditiis. Non voluptatibus atque et est facilis. Autem ducimus explicabo optio et sunt ducimus rem et. Mollitia doloremque est et qui. Ea voluptatum occaecati tenetur incidunt rem. Voluptate necessitatibus nisi impedit consequuntur eos et recusandae quaerat. Ea et numquam est quae aliquid et et. Suscipit neque mollitia nemo dolorem fugiat qui ut. Sint mollitia nesciunt est commodi sed. Eius quo sed ducimus. Ab quasi qui doloremque aut accusamus enim quae. Deleniti praesentium explicabo ducimus est ut alias non. Et asperiores sit enim necessitatibus. Natus sit ut enim ut sunt autem. Iure fugiat omnis est repellat. Doloribus sint eum et impedit iusto velit. Rem sunt harum accusantium aliquam est. Dolorem omnis minus vero aut et.', 4, 3, '2018-02-25 10:36:08', '2018-02-25 10:36:08'),
(24, 'Quia eum voluptatibus autem perspiciatis aut excepturi ea.', 'Deleniti temporibus dolorem sint quia minus similique. Qui tempore omnis eos aut sed ea excepturi. Voluptate omnis eius aliquid beatae ut. Delectus aliquid qui et. Et est fuga expedita debitis repellat aut voluptatibus deleniti. Aut natus voluptas recusandae nisi. Provident ipsam consequuntur ratione dolores quo et laudantium. Odit aspernatur nam amet. Ea aut reprehenderit assumenda enim fugiat eligendi nulla. Libero qui dicta quia inventore suscipit quia. Quidem et asperiores nisi molestiae sed quis nihil velit. Et quae soluta veritatis sunt dolor. Eum magni maiores hic. Dolor excepturi numquam debitis odit eum dolor. Molestiae vel voluptatem in non. Excepturi dolore sed aut incidunt nulla officiis consequuntur. Ea est autem excepturi atque sunt quae cumque. Sit quos aspernatur voluptatibus dolores. Et suscipit consequatur quisquam omnis illum at. Laudantium maiores aut vero et. Necessitatibus nemo inventore et neque quaerat. Quia aperiam et quidem blanditiis pariatur. Illo repellat ullam possimus saepe accusamus dolor nostrum sint. Et voluptas provident itaque non corporis. Exercitationem rem ut perferendis. Blanditiis aperiam omnis placeat quisquam et. Unde officia voluptates occaecati nihil sit incidunt voluptas. Nisi aliquam porro quas illum est minima. Ut exercitationem eius eaque maxime. Quia tempore voluptatibus rerum velit facilis alias magnam. Quidem quisquam ut aut distinctio. Deserunt non quasi aliquam et placeat aliquam. Voluptatem assumenda quia eum dolorum eos. Ut minus sequi esse voluptatem nemo. Consectetur unde blanditiis repellat qui. Et neque ut corporis vel ex et error.', 5, 5, '2018-02-25 10:36:08', '2018-02-25 10:36:08'),
(25, 'Quis earum et consequuntur omnis minima ut.', 'Atque ea sit est aut eos et est et. Maiores aut quia ut laudantium saepe et necessitatibus voluptas. Qui ea sit aut minima. Omnis aut voluptate deleniti distinctio. Et explicabo et impedit et occaecati accusantium. Iusto non nisi repudiandae dicta. Ex sed animi voluptates velit nam minima. Quia nesciunt laborum id eligendi enim illum et. Modi saepe aut nemo voluptas excepturi et sint. Voluptates tempora optio omnis nam ut. Doloremque sunt optio dicta error omnis officiis. Nemo facilis facere accusantium ut. Nihil animi impedit voluptas sint adipisci ullam. Sed qui aut temporibus dolorem a. Sed aliquid nihil recusandae in aliquam at. Fugit qui odio sapiente. Similique quos cumque dolorem similique et ut. Architecto sit molestiae est odio et qui veniam et. Enim voluptas deleniti libero natus vel.', 5, 1, '2018-02-25 10:36:08', '2018-02-25 10:36:08'),
(26, 'Deserunt ut quis quisquam aperiam ut sint sit quos.', 'Eveniet eos praesentium autem voluptatem officia laudantium aliquid. Ab quo esse at aut. Consequatur sapiente molestiae id debitis est eius et. Perferendis voluptates asperiores quae itaque. Iusto fugit fugiat in dolorem dignissimos nam. Animi vero eos quaerat quas. Velit et quos cum aut repudiandae aut ducimus. Aut nihil ut quam ex tenetur. Ab tenetur nobis ut aliquid sit eos. Nobis accusantium tempora ea nostrum qui. Ut et eos consequatur ut adipisci. Aut voluptas deleniti voluptas unde ratione. Ea qui mollitia eius modi ut aliquam. Voluptas et ut iure sequi. Dicta similique aliquid incidunt ab labore ipsa. Ad non rerum et aut dicta. Doloribus aut quisquam veritatis voluptas ut labore. Aspernatur pariatur ut itaque magni corporis inventore dolore. Blanditiis accusantium natus expedita laborum et velit.', 5, 1, '2018-02-25 10:36:08', '2018-02-25 10:36:08'),
(27, 'Quidem assumenda distinctio dolores et qui.', 'Sint illum molestias quod quo quia soluta facilis. Ut ut non est minus quos quas et. Omnis provident facilis eos aspernatur. Eum commodi hic et magni. Et fugit blanditiis omnis hic dolore. Et quia et harum praesentium alias distinctio. Sapiente molestiae vel cum voluptates. Molestiae cumque nemo ut aut. Autem voluptas eum alias quae dolores similique rerum. Corrupti sed ut omnis inventore. Doloribus ad dolorem officiis sit. Dolor modi ut vel. Omnis itaque voluptatibus consequatur consequatur temporibus perferendis officiis molestiae. Et iste ipsa exercitationem sed. Quisquam reiciendis quia maxime voluptas. Tenetur et quibusdam et rerum nihil. Error vero eum architecto suscipit nam. Eveniet officia ut nam numquam adipisci. Quidem inventore et voluptates aut. Et reprehenderit porro fugit eum qui nulla et similique. Aut et facilis sed beatae est quia aliquam. Rem quasi dolorem voluptatem et. Nesciunt occaecati aut illum reiciendis adipisci illum et. Facilis ut quia maxime quia error itaque architecto. Quod harum omnis aut quis numquam sed consequuntur hic. Nihil repudiandae non doloribus animi porro et. Ullam voluptatem ea voluptatum ut quasi. Enim est aut incidunt et ea perspiciatis ullam. Tenetur eligendi ipsum natus. Aspernatur quis magnam cumque commodi illum ipsa et. Qui omnis tenetur deserunt ea quisquam illo deserunt.', 5, 3, '2018-02-25 10:36:08', '2018-02-25 10:36:08'),
(28, 'Officiis similique sequi mollitia ducimus aspernatur sapiente.', 'Adipisci soluta omnis officia modi quam et. Consequatur consequuntur minima est sequi ut aliquam quis. Nulla omnis ea aliquid. Nisi vitae mollitia sunt totam qui. Sequi voluptatem ratione possimus necessitatibus quasi minima qui. Excepturi nisi error quis asperiores quia exercitationem nihil. Et ut consectetur illum mollitia est culpa aut. Porro vel explicabo et aliquam aut odio ea. Necessitatibus quos dolor quis pariatur animi dolorem dolores. Dicta qui reiciendis aut sapiente. Eaque cum magni nesciunt perferendis. Vel similique atque non sint velit. A qui perspiciatis esse reprehenderit. Cum ipsa iure est ad eos magni cupiditate. Labore ut aut dolorum adipisci eaque fugiat earum. Quo incidunt dolor eius neque. Et accusamus sint expedita quas sint labore. Ratione cumque velit consequatur aspernatur in dolores. Debitis sunt tenetur nobis sequi voluptatem voluptatibus. Facilis ut earum rem sed quisquam. Deserunt molestiae totam dolores beatae neque beatae sit. Qui temporibus temporibus soluta et reiciendis quidem omnis eos.', 1, 6, '2018-02-25 10:36:08', '2018-02-25 10:36:08'),
(29, 'Distinctio incidunt natus magnam tempore dolorum aut.', 'Facere labore aut ipsa omnis porro et. Sunt et asperiores fugit consequatur mollitia dolor voluptatibus. Porro quisquam non non recusandae ut. Mollitia et officia quia et impedit voluptatem est laudantium. Et voluptate voluptatibus et rerum aspernatur. Adipisci quidem sit id impedit. Voluptatibus omnis aliquid ratione eum sunt. Id laborum at est omnis voluptate sit. Quia sint non facere quidem. Suscipit aut natus rerum sit aliquid tenetur. Iure ut eaque commodi sint. Eveniet voluptatem aut ducimus corporis omnis mollitia. Omnis atque doloremque officiis reiciendis. Qui expedita sed ab dolores sint neque. Quod aut dolor ullam explicabo assumenda cumque et. Quia voluptas tempora possimus adipisci. Quidem aut placeat at dolorem cupiditate debitis.', 3, 6, '2018-02-25 10:36:08', '2018-02-25 10:36:08'),
(30, 'Debitis minima sequi magni delectus.', 'Itaque suscipit odit suscipit adipisci libero. Dicta quod harum consectetur saepe dolor ad. Tenetur similique est cumque laborum minus quia nihil. Voluptas sunt sint sit eum eaque ut voluptatibus. Fugit totam quis et et dolorem consequatur a. Officiis hic dolorem atque accusamus. Cum dolorem quia voluptatem inventore doloremque inventore in. Amet quia tempore quo laudantium quibusdam debitis. Commodi assumenda necessitatibus et explicabo culpa sed est. Reiciendis voluptas repellat vitae rerum assumenda vel fugit in. Consectetur sint explicabo sed optio voluptatem. Aut consequatur expedita animi occaecati illo voluptate iusto. Saepe sapiente ut architecto veniam quam. Occaecati impedit harum illo fugiat aliquam illo dicta. Amet voluptate porro dolores neque. Temporibus qui omnis fugiat vitae. Sed in eum error. Rem dolore qui ut sint dolore ex.', 4, 1, '2018-02-25 10:36:08', '2018-02-25 10:36:08'),
(31, 'this is new post', 'lorem    Lorem ipsum dolor sit amet, consectetur adipisicing elit. Error, fugit tenetur earum necessitatibus! Provident ipsa error voluptatum non pariatur earum blanditiis voluptates, dolores, fugit quaerat maxime amet laudantium doloremque. Eaque.Lorem ipsum dolor sit amet, consectetur adipisicing elit. Consectetur eveniet laborum, dolor vitae aspernatur nihil recusandae, quod necessitatibus suscipit nulla velit earum amet repudiandae nostrum ullam. Velit enim, commodi. Amet.', 1, 2, '2018-02-25 13:52:49', '2018-02-25 13:52:49');

-- --------------------------------------------------------

--
-- Table structure for table `users`
--

CREATE TABLE `users` (
  `id` int(10) UNSIGNED NOT NULL,
  `name` varchar(255) COLLATE utf8_unicode_ci NOT NULL,
  `image` varchar(255) COLLATE utf8_unicode_ci DEFAULT NULL,
  `email` varchar(255) COLLATE utf8_unicode_ci NOT NULL,
  `password` varchar(255) COLLATE utf8_unicode_ci NOT NULL,
  `created_at` timestamp NULL DEFAULT NULL,
  `updated_at` timestamp NULL DEFAULT NULL
) ENGINE=InnoDB DEFAULT CHARSET=utf8 COLLATE=utf8_unicode_ci;

--
-- Dumping data for table `users`
--

INSERT INTO `users` (`id`, `name`, `image`, `email`, `password`, `created_at`, `updated_at`) VALUES
(1, 'jahed', NULL, 'jahed@gmail.com', '$2y$10$nBqcUBlIWDdpL3PE/zbuUOcn9bEBuHsHIhxvQRd.CDcvuD2735is6', '2018-02-25 10:36:02', '2018-02-25 10:36:02'),
(2, 'hasan', NULL, 'hasan@gmail.com', '$2y$10$V4UKnHWoJ7FDdAkmpVSSZOK8LHNCYdHl9pB/DGiDAy/Lueo77triq', '2018-02-25 10:36:04', '2018-02-25 10:36:04'),
(3, 'jh', NULL, 'jh@gmail.com', '$2y$10$bxxCZhgkr1eMYvvGY4n33e0yteAWlWfsgsz18NW75tesyAZYgsjYK', '2018-02-25 10:36:04', '2018-02-25 10:36:04'),
(4, 'Majedul', NULL, 'majedul@gmail.com', '$2y$10$AOau/TV6Easw.KznuI0fMuzcdOwOb19sYzI1rvjTXVIxpgxMfVmZ6', '2018-02-25 10:36:05', '2018-02-25 10:36:05'),
(5, 'farhad', NULL, 'farhad@gmail.com', '$2y$10$lZRj3hZulnoOFcCN.4Tc.eXs127blOnR4ezvGxqlQ8/GfOj8dLh9G', '2018-02-25 10:36:05', '2018-02-25 10:36:05'),
(6, 'jahed hasan', NULL, 'jahedhasan@gmail.com', '$2y$10$2QE3lYn1csDZ/Ju9unAlVOktaLzb46p9NWJVslcPDCJxymG/oIJyK', '2018-02-25 13:00:13', '2018-02-25 13:00:13');

--
-- Indexes for dumped tables
--

--
-- Indexes for table `categories`
--
ALTER TABLE `categories`
  ADD PRIMARY KEY (`id`);

--
-- Indexes for table `comments`
--
ALTER TABLE `comments`
  ADD PRIMARY KEY (`id`),
  ADD KEY `comments_post_id_foreign` (`post_id`);

--
-- Indexes for table `posts`
--
ALTER TABLE `posts`
  ADD PRIMARY KEY (`id`),
  ADD KEY `posts_user_id_foreign` (`user_id`),
  ADD KEY `posts_category_id_foreign` (`category_id`);

--
-- Indexes for table `users`
--
ALTER TABLE `users`
  ADD PRIMARY KEY (`id`),
  ADD UNIQUE KEY `users_email_unique` (`email`);

--
-- AUTO_INCREMENT for dumped tables
--

--
-- AUTO_INCREMENT for table `categories`
--
ALTER TABLE `categories`
  MODIFY `id` int(10) UNSIGNED NOT NULL AUTO_INCREMENT, AUTO_INCREMENT=8;
--
-- AUTO_INCREMENT for table `comments`
--
ALTER TABLE `comments`
  MODIFY `id` int(10) UNSIGNED NOT NULL AUTO_INCREMENT, AUTO_INCREMENT=201;
--
-- AUTO_INCREMENT for table `posts`
--
ALTER TABLE `posts`
  MODIFY `id` int(10) UNSIGNED NOT NULL AUTO_INCREMENT, AUTO_INCREMENT=32;
--
-- AUTO_INCREMENT for table `users`
--
ALTER TABLE `users`
  MODIFY `id` int(10) UNSIGNED NOT NULL AUTO_INCREMENT, AUTO_INCREMENT=7;
--
-- Constraints for dumped tables
--

--
-- Constraints for table `comments`
--
ALTER TABLE `comments`
  ADD CONSTRAINT `comments_post_id_foreign` FOREIGN KEY (`post_id`) REFERENCES `posts` (`id`) ON DELETE CASCADE;

--
-- Constraints for table `posts`
--
ALTER TABLE `posts`
  ADD CONSTRAINT `posts_category_id_foreign` FOREIGN KEY (`category_id`) REFERENCES `categories` (`id`) ON DELETE CASCADE,
  ADD CONSTRAINT `posts_user_id_foreign` FOREIGN KEY (`user_id`) REFERENCES `users` (`id`) ON DELETE CASCADE;
COMMIT;

/*!40101 SET CHARACTER_SET_CLIENT=@OLD_CHARACTER_SET_CLIENT */;
/*!40101 SET CHARACTER_SET_RESULTS=@OLD_CHARACTER_SET_RESULTS */;
/*!40101 SET COLLATION_CONNECTION=@OLD_COLLATION_CONNECTION */;
